location_id,sku,cutoff,predicted_7d,actual_7d,absolute_error
c000,sku0000,2025-12-24,14.249899999999998,16,1.7501000000000015
c000,sku0001,2025-12-24,21.2499,20,1.2499000000000002
c000,sku0002,2025-12-24,28.0,30,2.0
c000,sku0003,2025-12-24,34.2503,36,1.7496999999999971
c000,sku0004,2025-12-24,40.9997,41,0.00030000000000285354
c000,sku0005,2025-12-24,14.7497,15,0.2502999999999993
c000,sku0006,2025-12-24,22.75,22,0.75
c000,sku0007,2025-12-24,26.7498,29,2.2501999999999995
c001,sku0008,2025-12-24,36.2502,89,52.7498
c001,sku0009,2025-12-24,43.2502,44,0.7498000000000005
c001,sku0010,2025-12-24,14.0,14,0.0
c001,sku0011,2025-12-24,19.0001,20,0.9999000000000002
c001,sku0012,2025-12-24,26.7498,31,4.2501999999999995
c001,sku0013,2025-12-24,35.4998,31,4.4998000000000005
c001,sku0014,2025-12-24,42.249900000000004,43,0.7500999999999962
c001,sku0015,2025-12-24,12.4999,14,1.5000999999999998
c002,sku0016,2025-12-24,0.0,0,0.0
c002,sku0017,2025-12-24,28.0,28,0.0
c002,sku0018,2025-12-24,36.0003,33,3.000300000000003
c002,sku0019,2025-12-24,43.0003,41,2.000300000000003
c002,sku0020,2025-12-24,13.2503,15,1.7497000000000007
c002,sku0021,2025-12-24,20.5002,20,0.5001999999999995
c002,sku0022,2025-12-24,28.0,27,1.0
c002,sku0023,2025-12-24,36.0003,37,0.9996999999999971
c003,sku0024,2025-12-24,42.249900000000004,42,0.24990000000000379
c003,sku0025,2025-12-24,13.500200000000001,16,2.4997999999999987
c003,sku0026,2025-12-24,21.7497,20,1.7497000000000007
c003,sku0027,2025-12-24,28.499799999999997,29,0.5002000000000031
c003,sku0028,2025-12-24,36.0003,35,1.0003000000000029
c003,sku0029,2025-12-24,41.750099999999996,46,4.249900000000004
c003,sku0030,2025-12-24,13.7501,10,3.7500999999999998
c003,sku0031,2025-12-24,21.0,23,2.0
c004,sku0032,2025-12-24,27.7501,29,1.2499000000000002
c004,sku0033,2025-12-24,35.249900000000004,33,2.249900000000004
c004,sku0034,2025-12-24,41.750099999999996,42,0.24990000000000379
c004,sku0035,2025-12-24,13.2503,13,0.2502999999999993
c004,sku0036,2025-12-24,21.5747,25,3.4253
c004,sku0037,2025-12-24,27.7501,28,0.24990000000000023
c004,sku0038,2025-12-24,34.2503,37,2.749699999999997
c004,sku0039,2025-12-24,40.9997,45,4.000300000000003
c005,sku0040,2025-12-24,14.249899999999998,13,1.2498999999999985
c005,sku0041,2025-12-24,21.7497,24,2.2502999999999993
c005,sku0042,2025-12-24,28.574699999999996,31,2.4253000000000036
c005,sku0043,2025-12-24,35.4998,33,2.4998000000000005
c005,sku0044,2025-12-24,41.2503,41,0.25030000000000285
c005,sku0045,2025-12-24,15.500100000000002,15,0.5001000000000015
c005,sku0046,2025-12-24,21.4998,26,4.5001999999999995
c005,sku0047,2025-12-24,29.500099999999996,29,0.5000999999999962
c006,sku0048,2025-12-24,35.0,93,58.0
c006,sku0049,2025-12-24,40.000099999999996,43,2.999900000000004
c006,sku0050,2025-12-24,13.2503,10,3.2502999999999993
c006,sku0051,2025-12-24,21.4998,19,2.4998000000000005
c006,sku0052,2025-12-24,27.5002,28,0.49980000000000047
c006,sku0053,2025-12-24,36.0003,37,0.9996999999999971
c006,sku0054,2025-12-24,43.2502,39,4.2501999999999995
c006,sku0055,2025-12-24,13.7501,10,3.7500999999999998
c007,sku0056,2025-12-24,0.0,0,0.0
c007,sku0057,2025-12-24,28.0,30,2.0
c007,sku0058,2025-12-24,34.750099999999996,33,1.7500999999999962
c007,sku0059,2025-12-24,43.2502,41,2.2501999999999995
c007,sku0060,2025-12-24,13.2503,13,0.2502999999999993
c007,sku0061,2025-12-24,22.0752,25,2.924800000000001
c007,sku0062,2025-12-24,28.0,31,3.0
c007,sku0063,2025-12-24,35.249900000000004,32,3.249900000000004
c008,sku0064,2025-12-24,40.7498,37,3.7498000000000005
c008,sku0065,2025-12-24,12.0001,10,2.0000999999999998
c008,sku0066,2025-12-24,21.2499,26,4.7501
c008,sku0067,2025-12-24,28.249900000000004,26,2.249900000000004
c008,sku0068,2025-12-24,36.0003,36,0.00030000000000285354
c008,sku0069,2025-12-24,40.9997,41,0.00030000000000285354
c008,sku0070,2025-12-24,12.749799999999999,16,3.2502000000000013
c008,sku0071,2025-12-24,19.0001,20,0.9999000000000002
c009,sku0072,2025-12-24,27.2503,27,0.2502999999999993
c009,sku0073,2025-12-24,35.0,35,0.0
c009,sku0074,2025-12-24,41.750099999999996,42,0.24990000000000379
c009,sku0075,2025-12-24,14.4998,15,0.5001999999999995
c009,sku0076,2025-12-24,20.3252,18,2.325199999999999
c009,sku0077,2025-12-24,27.7501,28,0.24990000000000023
c009,sku0078,2025-12-24,35.249900000000004,32,3.249900000000004
c009,sku0079,2025-12-24,41.750099999999996,40,1.7500999999999962
c010,sku0080,2025-12-24,13.2503,12,1.2502999999999993
c010,sku0081,2025-12-24,18.7502,21,2.2498000000000005
c010,sku0082,2025-12-24,26.7498,24,2.7498000000000005
c010,sku0083,2025-12-24,33.9997,31,2.999699999999997
c010,sku0084,2025-12-24,42.7497,43,0.25030000000000285
c010,sku0085,2025-12-24,13.7501,11,2.7500999999999998
c010,sku0086,2025-12-24,19.7498,18,1.7498000000000005
c010,sku0087,2025-12-24,26.8247,26,0.8247
c011,sku0088,2025-12-24,33.9997,90,56.0003
c011,sku0089,2025-12-24,42.0,39,3.0
c011,sku0090,2025-12-24,14.0,13,1.0
c011,sku0091,2025-12-24,20.5002,20,0.5001999999999995
c011,sku0092,2025-12-24,28.499799999999997,27,1.499799999999997
c011,sku0093,2025-12-24,35.249900000000004,34,1.2499000000000038
c011,sku0094,2025-12-24,39.7502,43,3.2498000000000005
c011,sku0095,2025-12-24,14.0749,11,3.0748999999999995
c012,sku0096,2025-12-24,0.0,0,0.0
c012,sku0097,2025-12-24,27.2503,27,0.2502999999999993
c012,sku0098,2025-12-24,33.7498,34,0.25019999999999953
c012,sku0099,2025-12-24,42.7497,45,2.250300000000003
c012,sku0100,2025-12-24,14.0,13,1.0
c012,sku0101,2025-12-24,21.0,21,0.0
c012,sku0102,2025-12-24,26.7498,28,1.2501999999999995
c012,sku0103,2025-12-24,35.4998,35,0.49980000000000047
c013,sku0104,2025-12-24,40.7498,43,2.2501999999999995
c013,sku0105,2025-12-24,12.749799999999999,15,2.2502000000000013
c013,sku0106,2025-12-24,20.2503,25,4.749700000000001
c013,sku0107,2025-12-24,28.499799999999997,26,2.499799999999997
c013,sku0108,2025-12-24,35.4998,34,1.4998000000000005
c013,sku0109,2025-12-24,42.0,40,2.0
c013,sku0110,2025-12-24,15.2502,15,0.25019999999999953
c013,sku0111,2025-12-24,19.4999,25,5.5001
c014,sku0112,2025-12-24,28.249900000000004,30,1.7500999999999962
c014,sku0113,2025-12-24,34.750099999999996,36,1.2499000000000038
c014,sku0114,2025-12-24,44.2498,44,0.24980000000000047
c014,sku0115,2025-12-24,13.7501,11,2.7500999999999998
c014,sku0116,2025-12-24,20.5002,23,2.4998000000000005
c014,sku0117,2025-12-24,27.5002,23,4.5001999999999995
c014,sku0118,2025-12-24,36.0003,34,2.000300000000003
c014,sku0119,2025-12-24,40.499900000000004,41,0.5000999999999962
c015,sku0120,2025-12-24,12.4999,12,0.49990000000000023
c015,sku0121,2025-12-24,21.7497,17,4.749700000000001
c015,sku0122,2025-12-24,28.0749,30,1.9251000000000005
c015,sku0123,2025-12-24,35.7497,34,1.7496999999999971
c015,sku0124,2025-12-24,43.75,42,1.75
c015,sku0125,2025-12-24,13.500200000000001,10,3.5002000000000013
c015,sku0126,2025-12-24,21.4998,21,0.49980000000000047
c015,sku0127,2025-12-24,28.499799999999997,26,2.499799999999997
c016,sku0128,2025-12-24,33.499900000000004,89,55.500099999999996
c016,sku0129,2025-12-24,42.0,43,1.0
c016,sku0130,2025-12-24,14.249899999999998,14,0.24989999999999846
c016,sku0131,2025-12-24,22.0003,20,2.0002999999999993
c016,sku0132,2025-12-24,28.249900000000004,32,3.750099999999996
c016,sku0133,2025-12-24,34.2503,34,0.25030000000000285
c016,sku0134,2025-12-24,40.499900000000004,44,3.500099999999996
c016,sku0135,2025-12-24,11.5003,13,1.4997000000000007
c017,sku0136,2025-12-24,0.0,0,0.0
c017,sku0137,2025-12-24,27.5751,28,0.42490000000000094
c017,sku0138,2025-12-24,34.750099999999996,37,2.249900000000004
c017,sku0139,2025-12-24,42.7497,41,1.7496999999999971
c017,sku0140,2025-12-24,13.500200000000001,15,1.4997999999999987
c017,sku0141,2025-12-24,20.2503,23,2.7497000000000007
c017,sku0142,2025-12-24,29.0003,27,2.0002999999999993
c017,sku0143,2025-12-24,36.2502,34,2.2501999999999995
c018,sku0144,2025-12-24,40.7498,44,3.2501999999999995
c018,sku0145,2025-12-24,14.0,14,0.0
c018,sku0146,2025-12-24,21.0,25,4.0
c018,sku0147,2025-12-24,28.249900000000004,30,1.7500999999999962
c018,sku0148,2025-12-24,35.0,35,0.0
c018,sku0149,2025-12-24,42.0,41,1.0
c018,sku0150,2025-12-24,13.500200000000001,17,3.4997999999999987
c018,sku0151,2025-12-24,21.2499,24,2.7500999999999998
c019,sku0152,2025-12-24,29.0752,27,2.075199999999999
c019,sku0153,2025-12-24,34.750099999999996,33,1.7500999999999962
c019,sku0154,2025-12-24,40.000099999999996,41,0.9999000000000038
c019,sku0155,2025-12-24,14.0749,15,0.9251000000000005
c019,sku0156,2025-12-24,20.5002,21,0.49980000000000047
c019,sku0157,2025-12-24,27.2503,31,3.7497000000000007
c019,sku0158,2025-12-24,33.9997,34,0.00030000000000285354
c019,sku0159,2025-12-24,40.9997,40,0.9996999999999971
c020,sku0160,2025-12-24,12.9997,11,1.9997000000000007
c020,sku0161,2025-12-24,19.9997,22,2.0002999999999993
c020,sku0162,2025-12-24,27.5002,29,1.4998000000000005
c020,sku0163,2025-12-24,34.0753,35,0.9247000000000014
c020,sku0164,2025-12-24,42.0,41,1.0
c020,sku0165,2025-12-24,14.4998,14,0.49980000000000047
c020,sku0166,2025-12-24,20.5002,22,1.4998000000000005
c020,sku0167,2025-12-24,29.0003,26,3.0002999999999993
c021,sku0168,2025-12-24,36.500099999999996,89,52.499900000000004
c021,sku0169,2025-12-24,42.4998,43,0.5001999999999995
c021,sku0170,2025-12-24,14.7497,18,3.2502999999999993
c021,sku0171,2025-12-24,22.75,20,2.75
c021,sku0172,2025-12-24,25.7502,25,0.7501999999999995
c021,sku0173,2025-12-24,35.8253,37,1.1747000000000014
c021,sku0174,2025-12-24,42.4998,43,0.5001999999999995
c021,sku0175,2025-12-24,13.500200000000001,15,1.4997999999999987
c022,sku0176,2025-12-24,0.0,0,0.0
c022,sku0177,2025-12-24,28.499799999999997,27,1.499799999999997
c022,sku0178,2025-12-24,36.75,34,2.75
c022,sku0179,2025-12-24,42.249900000000004,45,2.750099999999996
c022,sku0180,2025-12-24,14.4998,13,1.4998000000000005
c022,sku0181,2025-12-24,19.4999,18,1.4999000000000002
c022,sku0182,2025-12-24,27.2503,27,0.2502999999999993
c022,sku0183,2025-12-24,33.7498,33,0.7498000000000005
c023,sku0184,2025-12-24,41.750099999999996,43,1.2499000000000038
c023,sku0185,2025-12-24,13.7501,14,0.24990000000000023
c023,sku0186,2025-12-24,19.4999,22,2.5000999999999998
c023,sku0187,2025-12-24,26.3249,26,0.3248999999999995
c023,sku0188,2025-12-24,34.5002,39,4.4998000000000005
c023,sku0189,2025-12-24,42.4998,39,3.4998000000000005
c023,sku0190,2025-12-24,13.2503,11,2.2502999999999993
c023,sku0191,2025-12-24,20.7501,23,2.2499000000000002
c024,sku0192,2025-12-24,29.0003,30,0.9997000000000007
c024,sku0193,2025-12-24,35.0,38,3.0
c024,sku0194,2025-12-24,42.0,40,2.0
c024,sku0195,2025-12-24,14.7497,13,1.7497000000000007
c024,sku0196,2025-12-24,21.0749,23,1.9251000000000005
c024,sku0197,2025-12-24,27.5002,25,2.5001999999999995
c024,sku0198,2025-12-24,36.2502,37,0.7498000000000005
c024,sku0199,2025-12-24,43.999900000000004,40,3.999900000000004
c025,sku0200,2025-12-24,13.7501,13,0.7500999999999998
c025,sku0201,2025-12-24,19.0001,21,1.9999000000000002
c025,sku0202,2025-12-24,29.0003,27,2.0002999999999993
c025,sku0203,2025-12-24,33.7498,34,0.25019999999999953
c025,sku0204,2025-12-24,42.4998,41,1.4998000000000005
c025,sku0205,2025-12-24,13.7501,12,1.7500999999999998
c025,sku0206,2025-12-24,21.2499,22,0.7500999999999998
c025,sku0207,2025-12-24,27.2503,32,4.749700000000001
c026,sku0208,2025-12-24,34.750099999999996,89,54.249900000000004
c026,sku0209,2025-12-24,41.2503,46,4.749699999999997
c026,sku0210,2025-12-24,16.2498,13,3.2498000000000005
c026,sku0211,2025-12-24,18.325300000000002,23,4.674699999999998
c026,sku0212,2025-12-24,28.0,29,1.0
c026,sku0213,2025-12-24,34.750099999999996,31,3.750099999999996
c026,sku0214,2025-12-24,43.500099999999996,41,2.500099999999996
c026,sku0215,2025-12-24,13.500200000000001,13,0.5002000000000013
c027,sku0216,2025-12-24,0.0,0,0.0
c027,sku0217,2025-12-24,28.499799999999997,30,1.500200000000003
c027,sku0218,2025-12-24,33.9997,33,0.9996999999999971
c027,sku0219,2025-12-24,40.9997,41,0.00030000000000285354
c027,sku0220,2025-12-24,14.249899999999998,15,0.7501000000000015
c027,sku0221,2025-12-24,21.0,19,2.0
c027,sku0222,2025-12-24,28.0749,27,1.0748999999999995
c027,sku0223,2025-12-24,35.0,39,4.0
c028,sku0224,2025-12-24,42.0,40,2.0
c028,sku0225,2025-12-24,13.2503,14,0.7497000000000007
c028,sku0226,2025-12-24,19.25,21,1.75
c028,sku0227,2025-12-24,28.0,26,2.0
c028,sku0228,2025-12-24,33.7498,35,1.2501999999999995
c028,sku0229,2025-12-24,42.0,38,4.0
c028,sku0230,2025-12-24,13.500200000000001,16,2.4997999999999987
c028,sku0231,2025-12-24,20.7501,21,0.24990000000000023
c029,sku0232,2025-12-24,26.9997,32,5.000299999999999
c029,sku0233,2025-12-24,34.5002,33,1.5001999999999995
c029,sku0234,2025-12-24,41.750099999999996,43,1.2499000000000038
c029,sku0235,2025-12-24,14.7497,13,1.7497000000000007
c029,sku0236,2025-12-24,20.5002,21,0.49980000000000047
c029,sku0237,2025-12-24,27.5002,29,1.4998000000000005
c029,sku0238,2025-12-24,34.2503,35,0.7496999999999971
c029,sku0239,2025-12-24,42.4998,44,1.5001999999999995
c030,sku0240,2025-12-24,13.500200000000001,15,1.4997999999999987
c030,sku0241,2025-12-24,19.25,19,0.25
c030,sku0242,2025-12-24,28.7497,28,0.7497000000000007
c030,sku0243,2025-12-24,34.2503,38,3.749699999999997
c030,sku0244,2025-12-24,41.824999999999996,38,3.8249999999999957
c030,sku0245,2025-12-24,15.575000000000001,13,2.575000000000001
c030,sku0246,2025-12-24,20.2503,21,0.7497000000000007
c030,sku0247,2025-12-24,26.9997,29,2.0002999999999993
c031,sku0248,2025-12-24,35.5747,91,55.4253
c031,sku0249,2025-12-24,42.249900000000004,41,1.2499000000000038
c031,sku0250,2025-12-24,14.249899999999998,13,1.2498999999999985
c031,sku0251,2025-12-24,21.4998,24,2.5001999999999995
c031,sku0252,2025-12-24,28.249900000000004,30,1.7500999999999962
c031,sku0253,2025-12-24,36.0003,37,0.9996999999999971
c031,sku0254,2025-12-24,41.5002,39,2.5001999999999995
c031,sku0255,2025-12-24,12.749799999999999,16,3.2502000000000013
c032,sku0256,2025-12-24,0.0,0,0.0
c032,sku0257,2025-12-24,27.7501,28,0.24990000000000023
c032,sku0258,2025-12-24,33.3249,33,0.3248999999999995
c032,sku0259,2025-12-24,42.249900000000004,42,0.24990000000000379
c032,sku0260,2025-12-24,12.9997,17,4.000299999999999
c032,sku0261,2025-12-24,20.5002,23,2.4998000000000005
c032,sku0262,2025-12-24,27.7501,25,2.7500999999999998
c032,sku0263,2025-12-24,34.2503,34,0.25030000000000285
c033,sku0264,2025-12-24,39.2497,42,2.750300000000003
c033,sku0265,2025-12-24,14.4998,14,0.49980000000000047
c033,sku0266,2025-12-24,21.2499,22,0.7500999999999998
c033,sku0267,2025-12-24,29.250200000000003,26,3.250200000000003
c033,sku0268,2025-12-24,34.5002,36,1.4998000000000005
c033,sku0269,2025-12-24,40.7498,41,0.25019999999999953
c033,sku0270,2025-12-24,12.25,11,1.25
c033,sku0271,2025-12-24,22.2502,20,2.2501999999999995
c034,sku0272,2025-12-24,27.3252,28,0.6748000000000012
c034,sku0273,2025-12-24,35.249900000000004,33,2.249900000000004
c034,sku0274,2025-12-24,40.9997,41,0.00030000000000285354
c034,sku0275,2025-12-24,14.4998,14,0.49980000000000047
c034,sku0276,2025-12-24,19.7498,20,0.25019999999999953
c034,sku0277,2025-12-24,27.7501,29,1.2499000000000002
c034,sku0278,2025-12-24,35.249900000000004,35,0.24990000000000379
c034,sku0279,2025-12-24,43.75,44,0.25
c035,sku0280,2025-12-24,14.4998,14,0.49980000000000047
c035,sku0281,2025-12-24,22.8249,23,0.17510000000000048
c035,sku0282,2025-12-24,28.499799999999997,28,0.4997999999999969
c035,sku0283,2025-12-24,33.9997,35,1.0003000000000029
c035,sku0284,2025-12-24,42.249900000000004,45,2.750099999999996
c035,sku0285,2025-12-24,15.2502,15,0.25019999999999953
c035,sku0286,2025-12-24,19.4999,22,2.5000999999999998
c035,sku0287,2025-12-24,26.9997,29,2.0002999999999993
c036,sku0288,2025-12-24,36.2502,91,54.7498
c036,sku0289,2025-12-24,41.2503,46,4.749699999999997
c036,sku0290,2025-12-24,15.75,14,1.75
c036,sku0291,2025-12-24,19.9997,22,2.0002999999999993
c036,sku0292,2025-12-24,28.249900000000004,30,1.7500999999999962
c036,sku0293,2025-12-24,34.750099999999996,32,2.750099999999996
c036,sku0294,2025-12-24,42.0,39,3.0
c036,sku0295,2025-12-24,14.0,16,2.0
c037,sku0296,2025-12-24,0.0,0,0.0
c037,sku0297,2025-12-24,28.249900000000004,26,2.249900000000004
c037,sku0298,2025-12-24,35.249900000000004,36,0.7500999999999962
c037,sku0299,2025-12-24,41.5002,41,0.5001999999999995
c037,sku0300,2025-12-24,12.9997,11,1.9997000000000007
c037,sku0301,2025-12-24,19.3249,19,0.3248999999999995
c037,sku0302,2025-12-24,29.500099999999996,29,0.5000999999999962
c037,sku0303,2025-12-24,33.499900000000004,37,3.500099999999996
c038,sku0304,2025-12-24,43.0003,41,2.000300000000003
c038,sku0305,2025-12-24,14.249899999999998,14,0.24989999999999846
c038,sku0306,2025-12-24,21.5747,25,3.4253
c038,sku0307,2025-12-24,27.2503,31,3.7497000000000007
c038,sku0308,2025-12-24,33.9997,37,3.000300000000003
c038,sku0309,2025-12-24,43.999900000000004,44,9.999999999621423e-05
c038,sku0310,2025-12-24,13.500200000000001,12,1.5002000000000013
c038,sku0311,2025-12-24,22.0003,21,1.0002999999999993
c039,sku0312,2025-12-24,28.249900000000004,28,0.24990000000000379
c039,sku0313,2025-12-24,35.7497,32,3.749699999999997
c039,sku0314,2025-12-24,42.4998,43,0.5001999999999995
c039,sku0315,2025-12-24,14.0,18,4.0
c039,sku0316,2025-12-24,22.2502,24,1.7498000000000005
c039,sku0317,2025-12-24,28.0,28,0.0
c039,sku0318,2025-12-24,36.0003,38,1.9996999999999971
c039,sku0319,2025-12-24,41.2503,41,0.25030000000000285
c040,sku0320,2025-12-24,13.2503,14,0.7497000000000007
c040,sku0321,2025-12-24,19.8247,19,0.8247
c040,sku0322,2025-12-24,28.0,27,1.0
c040,sku0323,2025-12-24,36.75,37,0.25
c040,sku0324,2025-12-24,43.3251,43,0.32509999999999906
c040,sku0325,2025-12-24,14.0,19,5.0
c040,sku0326,2025-12-24,22.5001,21,1.5000999999999998
c040,sku0327,2025-12-24,28.0,27,1.0
c041,sku0328,2025-12-24,33.7498,90,56.2502
c041,sku0329,2025-12-24,43.500099999999996,43,0.5000999999999962
c041,sku0330,2025-12-24,14.249899999999998,16,1.7501000000000015
c041,sku0331,2025-12-24,19.7498,22,2.2501999999999995
c041,sku0332,2025-12-24,27.7501,30,2.2499000000000002
c041,sku0333,2025-12-24,34.5002,32,2.5001999999999995
c041,sku0334,2025-12-24,40.9997,41,0.00030000000000285354
c041,sku0335,2025-12-24,12.25,15,2.75
c042,sku0336,2025-12-24,0.0,0,0.0
c042,sku0337,2025-12-24,28.324800000000003,27,1.3248000000000033
c042,sku0338,2025-12-24,36.0003,37,0.9996999999999971
c042,sku0339,2025-12-24,42.249900000000004,41,1.2499000000000038
c042,sku0340,2025-12-24,14.249899999999998,12,2.2498999999999985
c042,sku0341,2025-12-24,20.5751,22,1.424900000000001
c042,sku0342,2025-12-24,28.499799999999997,28,0.4997999999999969
c042,sku0343,2025-12-24,35.249900000000004,35,0.24990000000000379
c043,sku0344,2025-12-24,43.2502,42,1.2501999999999995
c043,sku0345,2025-12-24,12.749799999999999,12,0.7497999999999987
c043,sku0346,2025-12-24,21.0,19,2.0
c043,sku0347,2025-12-24,27.7501,29,1.2499000000000002
c043,sku0348,2025-12-24,34.2503,37,2.749699999999997
c043,sku0349,2025-12-24,44.7503,44,0.7503000000000029
c043,sku0350,2025-12-24,14.7497,14,0.7497000000000007
c043,sku0351,2025-12-24,21.2499,20,1.2499000000000002
c044,sku0352,2025-12-24,28.0,28,0.0
c044,sku0353,2025-12-24,35.249900000000004,37,1.7500999999999962
c044,sku0354,2025-12-24,40.7498,40,0.7498000000000005
c044,sku0355,2025-12-24,13.2503,12,1.2502999999999993
c044,sku0356,2025-12-24,19.9997,15,4.999700000000001
c044,sku0357,2025-12-24,28.249900000000004,30,1.7500999999999962
c044,sku0358,2025-12-24,36.999900000000004,37,9.999999999621423e-05
c044,sku0359,2025-12-24,43.0003,47,3.999699999999997
c045,sku0360,2025-12-24,12.749799999999999,12,0.7497999999999987
c045,sku0361,2025-12-24,20.2503,20,0.2502999999999993
c045,sku0362,2025-12-24,28.0,29,1.0
c045,sku0363,2025-12-24,35.7497,39,3.250300000000003
c045,sku0364,2025-12-24,39.5003,41,1.4996999999999971
c045,sku0365,2025-12-24,16.2498,13,3.2498000000000005
c045,sku0366,2025-12-24,20.2503,22,1.7497000000000007
c045,sku0367,2025-12-24,28.0,26,2.0
c046,sku0368,2025-12-24,33.9997,92,58.0003
c046,sku0369,2025-12-24,41.750099999999996,42,0.24990000000000379
c046,sku0370,2025-12-24,14.7497,14,0.7497000000000007
c046,sku0371,2025-12-24,20.5002,22,1.4998000000000005
c046,sku0372,2025-12-24,29.250200000000003,27,2.250200000000003
c046,sku0373,2025-12-24,35.4998,36,0.5001999999999995
c046,sku0374,2025-12-24,41.750099999999996,42,0.24990000000000379
c046,sku0375,2025-12-24,15.0003,17,1.9997000000000007
c047,sku0376,2025-12-24,0.0,0,0.0
c047,sku0377,2025-12-24,27.2503,26,1.2502999999999993
c047,sku0378,2025-12-24,35.8253,39,3.1747000000000014
c047,sku0379,2025-12-24,40.9997,44,3.000300000000003
c047,sku0380,2025-12-24,14.0,14,0.0
c047,sku0381,2025-12-24,21.4998,21,0.49980000000000047
c047,sku0382,2025-12-24,26.9997,31,4.000299999999999
c047,sku0383,2025-12-24,34.3252,33,1.3252000000000024
c048,sku0384,2025-12-24,43.0003,44,0.9996999999999971
c048,sku0385,2025-12-24,14.249899999999998,15,0.7501000000000015
c048,sku0386,2025-12-24,19.7498,22,2.2501999999999995
c048,sku0387,2025-12-24,28.0,29,1.0
c048,sku0388,2025-12-24,34.2503,37,2.749699999999997
c048,sku0389,2025-12-24,42.5747,43,0.4253
c048,sku0390,2025-12-24,14.0,13,1.0
c048,sku0391,2025-12-24,20.7501,20,0.7500999999999998
c049,sku0392,2025-12-24,29.574999999999996,28,1.5749999999999957
c049,sku0393,2025-12-24,33.7498,31,2.7498000000000005
c049,sku0394,2025-12-24,40.9997,43,2.000300000000003
c049,sku0395,2025-12-24,12.0001,12,9.999999999976694e-05
c049,sku0396,2025-12-24,21.4998,21,0.49980000000000047
c049,sku0397,2025-12-24,28.7497,24,4.749700000000001
c049,sku0398,2025-12-24,34.5002,35,0.49980000000000047
c049,sku0399,2025-12-24,43.8249,42,1.8248999999999995
c050,sku0400,2025-12-24,13.7501,15,1.2499000000000002
c050,sku0401,2025-12-24,20.2503,22,1.7497000000000007
c050,sku0402,2025-12-24,28.499799999999997,27,1.499799999999997
c050,sku0403,2025-12-24,34.750099999999996,32,2.750099999999996
c050,sku0404,2025-12-24,41.5002,42,0.49980000000000047
c050,sku0405,2025-12-24,11.750200000000001,16,4.249799999999999
c050,sku0406,2025-12-24,21.7497,21,0.7497000000000007
c050,sku0407,2025-12-24,28.499799999999997,29,0.5002000000000031
c051,sku0408,2025-12-24,35.5747,91,55.4253
c051,sku0409,2025-12-24,40.9997,43,2.000300000000003
c051,sku0410,2025-12-24,13.2503,15,1.7497000000000007
c051,sku0411,2025-12-24,21.2499,21,0.24990000000000023
c051,sku0412,2025-12-24,28.8253,31,2.1747000000000014
c051,sku0413,2025-12-24,31.999799999999997,33,1.000200000000003
c051,sku0414,2025-12-24,41.750099999999996,43,1.2499000000000038
c051,sku0415,2025-12-24,14.7497,14,0.7497000000000007
c052,sku0416,2025-12-24,0.0,0,0.0
c052,sku0417,2025-12-24,28.249900000000004,27,1.2499000000000038
c052,sku0418,2025-12-24,33.9997,36,2.000300000000003
c052,sku0419,2025-12-24,44.0748,42,2.0748000000000033
c052,sku0420,2025-12-24,13.500200000000001,11,2.5002000000000013
c052,sku0421,2025-12-24,20.2503,19,1.2502999999999993
c052,sku0422,2025-12-24,29.0003,33,3.9997000000000007
c052,sku0423,2025-12-24,34.750099999999996,36,1.2499000000000038
c053,sku0424,2025-12-24,44.4997,43,1.4996999999999971
c053,sku0425,2025-12-24,15.2502,13,2.2501999999999995
c053,sku0426,2025-12-24,22.2502,19,3.2501999999999995
c053,sku0427,2025-12-24,28.249900000000004,31,2.750099999999996
c053,sku0428,2025-12-24,33.9997,34,0.00030000000000285354
c053,sku0429,2025-12-24,43.500099999999996,44,0.4999000000000038
c053,sku0430,2025-12-24,13.2503,15,1.7497000000000007
c053,sku0431,2025-12-24,20.5002,23,2.4998000000000005
c054,sku0432,2025-12-24,28.7497,27,1.7497000000000007
c054,sku0433,2025-12-24,35.7497,34,1.7496999999999971
c054,sku0434,2025-12-24,40.9997,39,1.9996999999999971
c054,sku0435,2025-12-24,13.500200000000001,14,0.4997999999999987
c054,sku0436,2025-12-24,20.2503,21,0.7497000000000007
c054,sku0437,2025-12-24,28.7497,29,0.2502999999999993
c054,sku0438,2025-12-24,36.75,37,0.25
c054,sku0439,2025-12-24,39.3253,40,0.6747000000000014
c055,sku0440,2025-12-24,13.500200000000001,11,2.5002000000000013
c055,sku0441,2025-12-24,22.5001,22,0.5000999999999998
c055,sku0442,2025-12-24,28.0,30,2.0
c055,sku0443,2025-12-24,35.8253,32,3.8252999999999986
c055,sku0444,2025-12-24,41.5002,41,0.5001999999999995
c055,sku0445,2025-12-24,13.5751,14,0.42489999999999917
c055,sku0446,2025-12-24,22.2502,22,0.25019999999999953
c055,sku0447,2025-12-24,27.2503,29,1.7497000000000007
c056,sku0448,2025-12-24,34.824999999999996,87,52.175000000000004
c056,sku0449,2025-12-24,41.5002,38,3.5001999999999995
c056,sku0450,2025-12-24,14.249899999999998,16,1.7501000000000015
c056,sku0451,2025-12-24,19.25,19,0.25
c056,sku0452,2025-12-24,28.499799999999997,29,0.5002000000000031
c056,sku0453,2025-12-24,34.750099999999996,37,2.249900000000004
c056,sku0454,2025-12-24,41.2503,41,0.25030000000000285
c056,sku0455,2025-12-24,12.25,12,0.25
c057,sku0456,2025-12-24,0.0,0,0.0
c057,sku0457,2025-12-24,28.574699999999996,30,1.4253000000000036
c057,sku0458,2025-12-24,36.0003,35,1.0003000000000029
c057,sku0459,2025-12-24,43.2502,46,2.7498000000000005
c057,sku0460,2025-12-24,14.4998,10,4.4998000000000005
c057,sku0461,2025-12-24,21.0749,18,3.0748999999999995
c057,sku0462,2025-12-24,26.9997,32,5.000299999999999
c057,sku0463,2025-12-24,33.499900000000004,37,3.500099999999996
c058,sku0464,2025-12-24,40.9997,44,3.000300000000003
c058,sku0465,2025-12-24,14.4998,13,1.4998000000000005
c058,sku0466,2025-12-24,19.4999,21,1.5000999999999998
c058,sku0467,2025-12-24,27.5002,26,1.5001999999999995
c058,sku0468,2025-12-24,34.5002,35,0.49980000000000047
c058,sku0469,2025-12-24,42.0,40,2.0
c058,sku0470,2025-12-24,13.2503,14,0.7497000000000007
c058,sku0471,2025-12-24,21.4998,22,0.5001999999999995
c059,sku0472,2025-12-24,27.5002,29,1.4998000000000005
c059,sku0473,2025-12-24,35.3248,37,1.6751999999999967
c059,sku0474,2025-12-24,40.499900000000004,44,3.500099999999996
c059,sku0475,2025-12-24,13.500200000000001,12,1.5002000000000013
c059,sku0476,2025-12-24,22.5001,24,1.4999000000000002
c059,sku0477,2025-12-24,28.7497,26,2.7497000000000007
c059,sku0478,2025-12-24,33.9997,38,4.000300000000003
c059,sku0479,2025-12-24,41.750099999999996,43,1.2499000000000038
c060,sku0480,2025-12-24,13.7501,13,0.7500999999999998
c060,sku0481,2025-12-24,20.2503,16,4.250299999999999
c060,sku0482,2025-12-24,28.8253,26,2.8252999999999986
c060,sku0483,2025-12-24,35.0,35,0.0
c060,sku0484,2025-12-24,43.2502,42,1.2501999999999995
c060,sku0485,2025-12-24,14.5747,16,1.4253
c060,sku0486,2025-12-24,17.7499,19,1.2500999999999998
c060,sku0487,2025-12-24,26.9997,25,1.9997000000000007
c061,sku0488,2025-12-24,34.5002,89,54.4998
c061,sku0489,2025-12-24,40.9997,39,1.9996999999999971
c061,sku0490,2025-12-24,12.4999,14,1.5000999999999998
c061,sku0491,2025-12-24,21.2499,22,0.7500999999999998
c061,sku0492,2025-12-24,26.4999,28,1.5000999999999998
c061,sku0493,2025-12-24,35.249900000000004,37,1.7500999999999962
c061,sku0494,2025-12-24,42.4998,43,0.5001999999999995
c061,sku0495,2025-12-24,13.7501,14,0.24990000000000023
c062,sku0496,2025-12-24,0.0,0,0.0
c062,sku0497,2025-12-24,27.2503,26,1.2502999999999993
c062,sku0498,2025-12-24,33.9997,35,1.0003000000000029
c062,sku0499,2025-12-24,42.0,41,1.0
c062,sku0000,2025-12-24,13.7501,17,3.2499000000000002
c062,sku0001,2025-12-24,21.2499,23,1.7500999999999998
c062,sku0002,2025-12-24,26.25,29,2.75
c062,sku0003,2025-12-24,35.7497,34,1.7496999999999971
c063,sku0004,2025-12-24,42.249900000000004,41,1.2499000000000038
c063,sku0005,2025-12-24,13.2503,12,1.2502999999999993
c063,sku0006,2025-12-24,19.25,23,3.75
c063,sku0007,2025-12-24,26.075,29,2.9250000000000007
c063,sku0008,2025-12-24,35.4998,34,1.4998000000000005
c063,sku0009,2025-12-24,40.9997,40,0.9996999999999971
c063,sku0010,2025-12-24,14.249899999999998,19,4.7501000000000015
c063,sku0011,2025-12-24,23.4997,20,3.4997000000000007
c064,sku0012,2025-12-24,27.2503,32,4.749700000000001
c064,sku0013,2025-12-24,33.499900000000004,39,5.500099999999996
c064,sku0014,2025-12-24,44.3247,44,0.3247
c064,sku0015,2025-12-24,12.9997,13,0.0002999999999993008
c064,sku0016,2025-12-24,21.4998,20,1.4998000000000005
c064,sku0017,2025-12-24,26.4999,30,3.5000999999999998
c064,sku0018,2025-12-24,35.4998,36,0.5001999999999995
c064,sku0019,2025-12-24,41.5002,42,0.49980000000000047
c065,sku0020,2025-12-24,14.7497,14,0.7497000000000007
c065,sku0021,2025-12-24,19.9997,21,1.0002999999999993
c065,sku0022,2025-12-24,28.0,27,1.0
c065,sku0023,2025-12-24,37.2498,33,4.2498000000000005
c065,sku0024,2025-12-24,42.0,43,1.0
c065,sku0025,2025-12-24,15.500100000000002,14,1.5001000000000015
c065,sku0026,2025-12-24,18.5003,21,2.4997000000000007
c065,sku0027,2025-12-24,26.9997,24,2.9997000000000007
c066,sku0028,2025-12-24,35.0,91,56.0
c066,sku0029,2025-12-24,42.4998,42,0.49980000000000047
c066,sku0030,2025-12-24,13.7501,11,2.7500999999999998
c066,sku0031,2025-12-24,21.7497,23,1.2502999999999993
c066,sku0032,2025-12-24,25.8251,31,5.174900000000001
c066,sku0033,2025-12-24,34.750099999999996,39,4.249900000000004
c066,sku0034,2025-12-24,41.750099999999996,41,0.7500999999999962
c066,sku0035,2025-12-24,13.2503,13,0.2502999999999993
c067,sku0036,2025-12-24,0.0,0,0.0
c067,sku0037,2025-12-24,28.7497,26,2.7497000000000007
c067,sku0038,2025-12-24,33.9997,35,1.0003000000000029
c067,sku0039,2025-12-24,41.5002,40,1.5001999999999995
c067,sku0040,2025-12-24,10.5,14,3.5
c067,sku0041,2025-12-24,18.7502,21,2.2498000000000005
c067,sku0042,2025-12-24,27.5002,27,0.5001999999999995
c067,sku0043,2025-12-24,33.7498,36,2.2501999999999995
c068,sku0044,2025-12-24,40.000099999999996,43,2.999900000000004
c068,sku0045,2025-12-24,14.7497,15,0.2502999999999993
c068,sku0046,2025-12-24,21.7497,20,1.7497000000000007
c068,sku0047,2025-12-24,28.499799999999997,27,1.499799999999997
c068,sku0048,2025-12-24,34.5002,35,0.49980000000000047
c068,sku0049,2025-12-24,41.5002,41,0.5001999999999995
c068,sku0050,2025-12-24,13.500200000000001,15,1.4997999999999987
c068,sku0051,2025-12-24,21.7497,20,1.7497000000000007
c069,sku0052,2025-12-24,28.499799999999997,28,0.4997999999999969
c069,sku0053,2025-12-24,36.2502,32,4.2501999999999995
c069,sku0054,2025-12-24,42.4998,40,2.4998000000000005
c069,sku0055,2025-12-24,14.249899999999998,13,1.2498999999999985
c069,sku0056,2025-12-24,20.5002,23,2.4998000000000005
c069,sku0057,2025-12-24,29.0003,29,0.0002999999999993008
c069,sku0058,2025-12-24,35.249900000000004,35,0.24990000000000379
c069,sku0059,2025-12-24,41.750099999999996,44,2.249900000000004
c070,sku0060,2025-12-24,14.7497,18,3.2502999999999993
c070,sku0061,2025-12-24,19.8247,23,3.1753
c070,sku0062,2025-12-24,29.500099999999996,28,1.5000999999999962
c070,sku0063,2025-12-24,32.2497,33,0.7503000000000029
c070,sku0064,2025-12-24,40.7498,42,1.2501999999999995
c070,sku0065,2025-12-24,14.4998,13,1.4998000000000005
c070,sku0066,2025-12-24,21.2499,20,1.2499000000000002
c070,sku0067,2025-12-24,28.249900000000004,26,2.249900000000004
c071,sku0068,2025-12-24,33.7498,88,54.2502
c071,sku0069,2025-12-24,44.8252,37,7.825200000000002
c071,sku0070,2025-12-24,14.4998,13,1.4998000000000005
c071,sku0071,2025-12-24,19.7498,18,1.7498000000000005
c071,sku0072,2025-12-24,29.8249,26,3.8248999999999995
c071,sku0073,2025-12-24,34.2503,36,1.7496999999999971
c071,sku0074,2025-12-24,40.25,42,1.75
c071,sku0075,2025-12-24,15.500100000000002,14,1.5001000000000015
c072,sku0076,2025-12-24,0.0,0,0.0
c072,sku0077,2025-12-24,26.9997,29,2.0002999999999993
c072,sku0078,2025-12-24,34.2503,36,1.7496999999999971
c072,sku0079,2025-12-24,39.7502,42,2.2498000000000005
c072,sku0080,2025-12-24,14.0,13,1.0
c072,sku0081,2025-12-24,20.7501,22,1.2499000000000002
c072,sku0082,2025-12-24,27.5002,30,2.4998000000000005
c072,sku0083,2025-12-24,33.8247,35,1.1753
c073,sku0084,2025-12-24,41.2503,42,0.7496999999999971
c073,sku0085,2025-12-24,12.749799999999999,14,1.2502000000000013
c073,sku0086,2025-12-24,19.4999,22,2.5000999999999998
c073,sku0087,2025-12-24,27.7501,29,1.2499000000000002
c073,sku0088,2025-12-24,34.5002,36,1.4998000000000005
c073,sku0089,2025-12-24,42.7497,41,1.7496999999999971
c073,sku0090,2025-12-24,13.7501,12,1.7500999999999998
c073,sku0091,2025-12-24,19.9997,22,2.0002999999999993
c074,sku0092,2025-12-24,28.0,28,0.0
c074,sku0093,2025-12-24,34.5002,38,3.4998000000000005
c074,sku0094,2025-12-24,41.2503,41,0.25030000000000285
c074,sku0095,2025-12-24,12.9997,14,1.0002999999999993
c074,sku0096,2025-12-24,19.0001,24,4.9999
c074,sku0097,2025-12-24,27.5002,28,0.49980000000000047
c074,sku0098,2025-12-24,35.4998,36,0.5001999999999995
c074,sku0099,2025-12-24,42.4998,43,0.5001999999999995
c075,sku0100,2025-12-24,13.7501,15,1.2499000000000002
c075,sku0101,2025-12-24,19.9997,22,2.0002999999999993
c075,sku0102,2025-12-24,27.5002,27,0.5001999999999995
c075,sku0103,2025-12-24,33.7498,33,0.7498000000000005
c075,sku0104,2025-12-24,41.2503,43,1.7496999999999971
c075,sku0105,2025-12-24,12.4999,14,1.5000999999999998
c075,sku0106,2025-12-24,20.7501,21,0.24990000000000023
c075,sku0107,2025-12-24,26.8247,25,1.8247
c076,sku0108,2025-12-24,33.7498,89,55.2502
c076,sku0109,2025-12-24,42.249900000000004,45,2.750099999999996
c076,sku0110,2025-12-24,14.7497,13,1.7497000000000007
c076,sku0111,2025-12-24,21.7497,22,0.2502999999999993
c076,sku0112,2025-12-24,28.499799999999997,31,2.500200000000003
c076,sku0113,2025-12-24,35.0,38,3.0
c076,sku0114,2025-12-24,42.249900000000004,45,2.750099999999996
c076,sku0115,2025-12-24,12.4999,15,2.5000999999999998
c077,sku0116,2025-12-24,0.0,0,0.0
c077,sku0117,2025-12-24,28.7497,32,3.2502999999999993
c077,sku0118,2025-12-24,34.2503,36,1.7496999999999971
c077,sku0119,2025-12-24,43.0752,42,1.0752000000000024
c077,sku0120,2025-12-24,13.2503,13,0.2502999999999993
c077,sku0121,2025-12-24,21.0,21,0.0
c077,sku0122,2025-12-24,28.249900000000004,29,0.7500999999999962
c077,sku0123,2025-12-24,33.9997,33,0.9996999999999971
c078,sku0124,2025-12-24,42.7497,44,1.2503000000000029
c078,sku0125,2025-12-24,15.500100000000002,16,0.49989999999999846
c078,sku0126,2025-12-24,19.7498,22,2.2501999999999995
c078,sku0127,2025-12-24,26.25,29,2.75
c078,sku0128,2025-12-24,33.7498,37,3.2501999999999995
c078,sku0129,2025-12-24,41.750099999999996,41,0.7500999999999962
c078,sku0130,2025-12-24,15.325099999999999,18,2.674900000000001
c078,sku0131,2025-12-24,22.0003,20,2.0002999999999993
c079,sku0132,2025-12-24,27.2503,28,0.7497000000000007
c079,sku0133,2025-12-24,33.25,32,1.25
c079,sku0134,2025-12-24,42.0,44,2.0
c079,sku0135,2025-12-24,15.0003,16,0.9997000000000007
c079,sku0136,2025-12-24,19.4999,21,1.5000999999999998
c079,sku0137,2025-12-24,26.9997,33,6.000299999999999
c079,sku0138,2025-12-24,35.7497,36,0.25030000000000285
c079,sku0139,2025-12-24,41.5751,42,0.42490000000000094
c080,sku0140,2025-12-24,14.7497,11,3.7497000000000007
c080,sku0141,2025-12-24,21.4998,19,2.4998000000000005
c080,sku0142,2025-12-24,29.0003,30,0.9997000000000007
c080,sku0143,2025-12-24,34.2503,30,4.250300000000003
c080,sku0144,2025-12-24,43.0003,44,0.9996999999999971
c080,sku0145,2025-12-24,14.7497,13,1.7497000000000007
c080,sku0146,2025-12-24,20.7501,18,2.7500999999999998
c080,sku0147,2025-12-24,28.499799999999997,27,1.499799999999997
c081,sku0148,2025-12-24,34.750099999999996,90,55.249900000000004
c081,sku0149,2025-12-24,42.4998,41,1.4998000000000005
c081,sku0150,2025-12-24,14.4998,15,0.5001999999999995
c081,sku0151,2025-12-24,19.7498,20,0.25019999999999953
c081,sku0152,2025-12-24,28.0,26,2.0
c081,sku0153,2025-12-24,36.500099999999996,34,2.500099999999996
c081,sku0154,2025-12-24,42.0749,38,4.0748999999999995
c081,sku0155,2025-12-24,13.500200000000001,15,1.4997999999999987
c082,sku0156,2025-12-24,0.0,0,0.0
c082,sku0157,2025-12-24,27.2503,25,2.2502999999999993
c082,sku0158,2025-12-24,35.0,32,3.0
c082,sku0159,2025-12-24,43.75,40,3.75
c082,sku0160,2025-12-24,14.4998,13,1.4998000000000005
c082,sku0161,2025-12-24,19.7498,22,2.2501999999999995
c082,sku0162,2025-12-24,27.2503,26,1.2502999999999993
c082,sku0163,2025-12-24,36.500099999999996,36,0.5000999999999962
c083,sku0164,2025-12-24,41.750099999999996,43,1.2499000000000038
c083,sku0165,2025-12-24,14.4998,17,2.5001999999999995
c083,sku0166,2025-12-24,21.7497,21,0.7497000000000007
c083,sku0167,2025-12-24,26.9997,26,0.9997000000000007
c083,sku0168,2025-12-24,34.750099999999996,35,0.24990000000000379
c083,sku0169,2025-12-24,40.9997,39,1.9996999999999971
c083,sku0170,2025-12-24,13.500200000000001,14,0.4997999999999987
c083,sku0171,2025-12-24,21.2499,19,2.2499000000000002
c084,sku0172,2025-12-24,26.4999,26,0.49990000000000023
c084,sku0173,2025-12-24,34.5002,35,0.49980000000000047
c084,sku0174,2025-12-24,41.750099999999996,44,2.249900000000004
c084,sku0175,2025-12-24,13.7501,15,1.2499000000000002
c084,sku0176,2025-12-24,19.7498,19,0.7498000000000005
c084,sku0177,2025-12-24,27.5002,27,0.5001999999999995
c084,sku0178,2025-12-24,36.3251,35,1.325099999999999
c084,sku0179,2025-12-24,43.500099999999996,41,2.500099999999996
c085,sku0180,2025-12-24,11.325299999999999,14,2.6747000000000014
c085,sku0181,2025-12-24,21.4998,25,3.5001999999999995
c085,sku0182,2025-12-24,27.5002,26,1.5001999999999995
c085,sku0183,2025-12-24,34.750099999999996,33,1.7500999999999962
c085,sku0184,2025-12-24,42.0,43,1.0
c085,sku0185,2025-12-24,14.4998,13,1.4998000000000005
c085,sku0186,2025-12-24,19.9997,22,2.0002999999999993
c085,sku0187,2025-12-24,28.0,29,1.0
c086,sku0188,2025-12-24,33.5748,89,55.4252
c086,sku0189,2025-12-24,40.7498,44,3.2501999999999995
c086,sku0190,2025-12-24,13.500200000000001,13,0.5002000000000013
c086,sku0191,2025-12-24,21.2499,22,0.7500999999999998
c086,sku0192,2025-12-24,28.249900000000004,27,1.2499000000000038
c086,sku0193,2025-12-24,34.750099999999996,37,2.249900000000004
c086,sku0194,2025-12-24,40.9997,42,1.0003000000000029
c086,sku0195,2025-12-24,13.500200000000001,12,1.5002000000000013
c087,sku0196,2025-12-24,0.0,0,0.0
c087,sku0197,2025-12-24,28.7497,27,1.7497000000000007
c087,sku0198,2025-12-24,36.2502,37,0.7498000000000005
c087,sku0199,2025-12-24,40.9997,41,0.00030000000000285354
c087,sku0200,2025-12-24,14.7497,12,2.7497000000000007
c087,sku0201,2025-12-24,21.2499,22,0.7500999999999998
c087,sku0202,2025-12-24,28.7497,25,3.7497000000000007
c087,sku0203,2025-12-24,35.249900000000004,33,2.249900000000004
c088,sku0204,2025-12-24,41.750099999999996,43,1.2499000000000038
c088,sku0205,2025-12-24,14.249899999999998,16,1.7501000000000015
c088,sku0206,2025-12-24,22.0003,22,0.0002999999999993008
c088,sku0207,2025-12-24,28.0,32,4.0
c088,sku0208,2025-12-24,35.249900000000004,37,1.7500999999999962
c088,sku0209,2025-12-24,43.0003,41,2.000300000000003
c088,sku0210,2025-12-24,14.0,12,2.0
c088,sku0211,2025-12-24,20.7501,23,2.2499000000000002
c089,sku0212,2025-12-24,28.499799999999997,28,0.4997999999999969
c089,sku0213,2025-12-24,36.2502,36,0.25019999999999953
c089,sku0214,2025-12-24,41.65,40,1.6499999999999986
c089,sku0215,2025-12-24,14.4998,16,1.5001999999999995
c089,sku0216,2025-12-24,20.2503,20,0.2502999999999993
c089,sku0217,2025-12-24,25.7502,28,2.2498000000000005
c089,sku0218,2025-12-24,35.4998,36,0.5001999999999995
c089,sku0219,2025-12-24,42.0,41,1.0
c090,sku0220,2025-12-24,14.0,15,1.0
c090,sku0221,2025-12-24,22.5001,21,1.5000999999999998
c090,sku0222,2025-12-24,27.2503,28,0.7497000000000007
c090,sku0223,2025-12-24,33.7498,31,2.7498000000000005
c090,sku0224,2025-12-24,41.750099999999996,42,0.24990000000000379
c090,sku0225,2025-12-24,13.2503,16,2.7497000000000007
c090,sku0226,2025-12-24,21.4998,17,4.4998000000000005
c090,sku0227,2025-12-24,27.7501,28,0.24990000000000023
c091,sku0228,2025-12-24,34.750099999999996,90,55.249900000000004
c091,sku0229,2025-12-24,41.2503,45,3.749699999999997
c091,sku0230,2025-12-24,13.7501,14,0.24990000000000023
c091,sku0231,2025-12-24,19.25,21,1.75
c091,sku0232,2025-12-24,28.0749,28,0.07489999999999952
c091,sku0233,2025-12-24,35.249900000000004,38,2.750099999999996
c091,sku0234,2025-12-24,42.4998,45,2.5001999999999995
c091,sku0235,2025-12-24,14.4998,13,1.4998000000000005
c092,sku0236,2025-12-24,0.0,0,0.0
c092,sku0237,2025-12-24,27.2503,29,1.7497000000000007
c092,sku0238,2025-12-24,33.9997,34,0.00030000000000285354
c092,sku0239,2025-12-24,41.750099999999996,43,1.2499000000000038
c092,sku0240,2025-12-24,15.0003,13,2.0002999999999993
c092,sku0241,2025-12-24,22.0003,23,0.9997000000000007
c092,sku0242,2025-12-24,29.0003,31,1.9997000000000007
c092,sku0243,2025-12-24,34.5002,33,1.5001999999999995
c093,sku0244,2025-12-24,40.9997,40,0.9996999999999971
c093,sku0245,2025-12-24,14.4998,14,0.49980000000000047
c093,sku0246,2025-12-24,20.2503,21,0.7497000000000007
c093,sku0247,2025-12-24,28.0,29,1.0
c093,sku0248,2025-12-24,35.249900000000004,33,2.249900000000004
c093,sku0249,2025-12-24,42.249900000000004,41,1.2499000000000038
c093,sku0250,2025-12-24,14.249899999999998,14,0.24989999999999846
c093,sku0251,2025-12-24,20.5002,20,0.5001999999999995
c094,sku0252,2025-12-24,27.5002,28,0.49980000000000047
c094,sku0253,2025-12-24,35.0749,36,0.9251000000000005
c094,sku0254,2025-12-24,42.0,44,2.0
c094,sku0255,2025-12-24,15.2502,14,1.2501999999999995
c094,sku0256,2025-12-24,21.0,20,1.0
c094,sku0257,2025-12-24,26.4999,30,3.5000999999999998
c094,sku0258,2025-12-24,34.824999999999996,35,0.17500000000000426
c094,sku0259,2025-12-24,43.500099999999996,40,3.500099999999996
c095,sku0260,2025-12-24,14.249899999999998,15,0.7501000000000015
c095,sku0261,2025-12-24,21.2499,21,0.24990000000000023
c095,sku0262,2025-12-24,27.2503,28,0.7497000000000007
c095,sku0263,2025-12-24,35.249900000000004,34,1.2499000000000038
c095,sku0264,2025-12-24,42.7497,45,2.250300000000003
c095,sku0265,2025-12-24,15.0003,16,0.9997000000000007
c095,sku0266,2025-12-24,20.5002,20,0.5001999999999995
c095,sku0267,2025-12-24,27.2503,24,3.2502999999999993
c096,sku0268,2025-12-24,35.4998,90,54.5002
c096,sku0269,2025-12-24,41.750099999999996,43,1.2499000000000038
c096,sku0270,2025-12-24,14.7497,13,1.7497000000000007
c096,sku0271,2025-12-24,20.2503,21,0.7497000000000007
c096,sku0272,2025-12-24,28.499799999999997,30,1.500200000000003
c096,sku0273,2025-12-24,33.9997,34,0.00030000000000285354
c096,sku0274,2025-12-24,41.750099999999996,41,0.7500999999999962
c096,sku0275,2025-12-24,14.0,12,2.0
c097,sku0276,2025-12-24,0.0,0,0.0
c097,sku0277,2025-12-24,29.0003,27,2.0002999999999993
c097,sku0278,2025-12-24,33.7498,39,5.2501999999999995
c097,sku0279,2025-12-24,42.0,40,2.0
c097,sku0280,2025-12-24,14.0,11,3.0
c097,sku0281,2025-12-24,21.0,23,2.0
c097,sku0282,2025-12-24,27.5002,30,2.4998000000000005
c097,sku0283,2025-12-24,34.2503,36,1.7496999999999971
c098,sku0284,2025-12-24,42.4998,46,3.5001999999999995
c098,sku0285,2025-12-24,14.0,14,0.0
c098,sku0286,2025-12-24,21.2499,21,0.24990000000000023
c098,sku0287,2025-12-24,27.2503,28,0.7497000000000007
c098,sku0288,2025-12-24,35.3248,36,0.6751999999999967
c098,sku0289,2025-12-24,40.9997,42,1.0003000000000029
c098,sku0290,2025-12-24,13.2503,10,3.2502999999999993
c098,sku0291,2025-12-24,22.0003,22,0.0002999999999993008
c099,sku0292,2025-12-24,28.7497,27,1.7497000000000007
c099,sku0293,2025-12-24,34.750099999999996,35,0.24990000000000379
c099,sku0294,2025-12-24,43.999900000000004,43,0.9999000000000038
c099,sku0295,2025-12-24,14.0,15,1.0
c099,sku0296,2025-12-24,19.4999,19,0.49990000000000023
c099,sku0297,2025-12-24,26.574800000000003,28,1.4251999999999967
c099,sku0298,2025-12-24,35.4998,38,2.5001999999999995
c099,sku0299,2025-12-24,42.249900000000004,39,3.249900000000004
f000,sku0000,2025-12-24,13.500200000000001,14,0.4997999999999987
f001,sku0001,2025-12-24,13.7501,17,3.2499000000000002
f003,sku0003,2025-12-24,16.4997,14,2.4997000000000007
f004,sku0004,2025-12-24,12.4999,14,1.5000999999999998
f005,sku0005,2025-12-24,10.5,13,2.5
f006,sku0006,2025-12-24,14.4998,13,1.4998000000000005
f007,sku0007,2025-12-24,12.9997,15,2.0002999999999993
f008,sku0008,2025-12-24,13.2503,13,0.2502999999999993
f009,sku0009,2025-12-24,13.2503,14,0.7497000000000007
f002,sku0002,2025-12-24,12.8247,11,1.8247
c000,sku0000,2025-12-17,14.7497,13,1.7497000000000007
c000,sku0001,2025-12-17,19.9997,25,5.000299999999999
c000,sku0002,2025-12-17,29.250200000000003,23,6.250200000000003
c000,sku0003,2025-12-17,35.249900000000004,35,0.24990000000000379
c000,sku0004,2025-12-17,40.499900000000004,41,0.5000999999999962
c000,sku0005,2025-12-17,14.7497,13,1.7497000000000007
c000,sku0006,2025-12-17,22.75,21,1.75
c000,sku0007,2025-12-17,26.7498,28,1.2501999999999995
c001,sku0008,2025-12-17,35.0749,40,4.9251000000000005
c001,sku0009,2025-12-17,43.0003,44,0.9996999999999971
c001,sku0010,2025-12-17,14.7497,12,2.7497000000000007
c001,sku0011,2025-12-17,19.4999,18,1.4999000000000002
c001,sku0012,2025-12-17,27.7501,26,1.7500999999999998
c001,sku0013,2025-12-17,35.7497,34,1.7496999999999971
c001,sku0014,2025-12-17,42.249900000000004,42,0.24990000000000379
c001,sku0015,2025-12-17,12.9997,13,0.0002999999999993008
c002,sku0016,2025-12-17,0.0,0,0.0
c002,sku0017,2025-12-17,29.0003,26,3.0002999999999993
c002,sku0018,2025-12-17,35.4998,37,1.5001999999999995
c002,sku0019,2025-12-17,42.4998,44,1.5001999999999995
c002,sku0020,2025-12-17,13.500200000000001,13,0.5002000000000013
c002,sku0021,2025-12-17,20.5002,21,0.49980000000000047
c002,sku0022,2025-12-17,26.4999,30,3.5000999999999998
c002,sku0023,2025-12-17,35.249900000000004,39,3.750099999999996
c003,sku0024,2025-12-17,42.0,43,1.0
c003,sku0025,2025-12-17,12.749799999999999,15,2.2502000000000013
c003,sku0026,2025-12-17,20.2503,24,3.7497000000000007
c003,sku0027,2025-12-17,28.499799999999997,29,0.5002000000000031
c003,sku0028,2025-12-17,36.75,35,1.75
c003,sku0029,2025-12-17,40.9997,43,2.000300000000003
c003,sku0030,2025-12-17,14.249899999999998,14,0.24989999999999846
c003,sku0031,2025-12-17,21.0,22,1.0
c004,sku0032,2025-12-17,28.7497,27,1.7497000000000007
c004,sku0033,2025-12-17,34.750099999999996,37,2.249900000000004
c004,sku0034,2025-12-17,42.0,41,1.0
c004,sku0035,2025-12-17,13.500200000000001,12,1.5002000000000013
c004,sku0036,2025-12-17,21.825300000000002,21,0.8253000000000021
c004,sku0037,2025-12-17,28.249900000000004,26,2.249900000000004
c004,sku0038,2025-12-17,34.5002,34,0.5001999999999995
c004,sku0039,2025-12-17,40.499900000000004,41,0.5000999999999962
c005,sku0040,2025-12-17,14.0,14,0.0
c005,sku0041,2025-12-17,21.7497,23,1.2502999999999993
c005,sku0042,2025-12-17,28.8253,30,1.1747000000000014
c005,sku0043,2025-12-17,35.249900000000004,36,0.7500999999999962
c005,sku0044,2025-12-17,40.7498,40,0.7498000000000005
c005,sku0045,2025-12-17,15.0003,15,0.0002999999999993008
c005,sku0046,2025-12-17,22.0003,20,2.0002999999999993
c005,sku0047,2025-12-17,28.249900000000004,32,3.750099999999996
c006,sku0048,2025-12-17,34.5002,37,2.4998000000000005
c006,sku0049,2025-12-17,40.499900000000004,40,0.4999000000000038
c006,sku0050,2025-12-17,12.8247,14,1.1753
c006,sku0051,2025-12-17,21.0,26,5.0
c006,sku0052,2025-12-17,28.0,28,0.0
c006,sku0053,2025-12-17,36.0003,37,0.9996999999999971
c006,sku0054,2025-12-17,42.4998,44,1.5001999999999995
c006,sku0055,2025-12-17,15.2502,8,7.2501999999999995
c007,sku0056,2025-12-17,0.0,0,0.0
c007,sku0057,2025-12-17,28.499799999999997,26,2.499799999999997
c007,sku0058,2025-12-17,34.2503,36,1.7496999999999971
c007,sku0059,2025-12-17,43.500099999999996,42,1.5000999999999962
c007,sku0060,2025-12-17,12.749799999999999,16,3.2502000000000013
c007,sku0061,2025-12-17,22.0003,23,0.9997000000000007
c007,sku0062,2025-12-17,27.075300000000002,30,2.924699999999998
c007,sku0063,2025-12-17,34.750099999999996,36,1.2499000000000038
c008,sku0064,2025-12-17,40.7498,42,1.2501999999999995
c008,sku0065,2025-12-17,12.0001,14,1.9999000000000002
c008,sku0066,2025-12-17,20.7501,24,3.2499000000000002
c008,sku0067,2025-12-17,27.5002,30,2.4998000000000005
c008,sku0068,2025-12-17,36.0003,35,1.0003000000000029
c008,sku0069,2025-12-17,41.2503,42,0.7496999999999971
c008,sku0070,2025-12-17,14.0,9,5.0
c008,sku0071,2025-12-17,19.25,22,2.75
c009,sku0072,2025-12-17,26.9997,26,0.9997000000000007
c009,sku0073,2025-12-17,35.249900000000004,37,1.7500999999999962
c009,sku0074,2025-12-17,42.4998,41,1.4998000000000005
c009,sku0075,2025-12-17,14.0,17,3.0
c009,sku0076,2025-12-17,21.0,19,2.0
c009,sku0077,2025-12-17,28.499799999999997,26,2.499799999999997
c009,sku0078,2025-12-17,35.0,35,0.0
c009,sku0079,2025-12-17,40.9997,42,1.0003000000000029
c010,sku0080,2025-12-17,12.4999,14,1.5000999999999998
c010,sku0081,2025-12-17,19.7498,18,1.7498000000000005
c010,sku0082,2025-12-17,27.5002,27,0.5001999999999995
c010,sku0083,2025-12-17,34.750099999999996,31,3.750099999999996
c010,sku0084,2025-12-17,42.4998,46,3.5001999999999995
c010,sku0085,2025-12-17,12.25,16,3.75
c010,sku0086,2025-12-17,19.25,23,3.75
c010,sku0087,2025-12-17,26.574800000000003,28,1.4251999999999967
c011,sku0088,2025-12-17,33.7498,36,2.2501999999999995
c011,sku0089,2025-12-17,41.750099999999996,42,0.24990000000000379
c011,sku0090,2025-12-17,12.9997,17,4.000299999999999
c011,sku0091,2025-12-17,20.2503,19,1.2502999999999993
c011,sku0092,2025-12-17,29.250200000000003,28,1.250200000000003
c011,sku0093,2025-12-17,35.7497,33,2.749699999999997
c011,sku0094,2025-12-17,39.5003,40,0.49969999999999715
c011,sku0095,2025-12-17,14.0749,13,1.0748999999999995
c012,sku0096,2025-12-17,0.0,0,0.0
c012,sku0097,2025-12-17,26.7498,32,5.2501999999999995
c012,sku0098,2025-12-17,33.499900000000004,35,1.5000999999999962
c012,sku0099,2025-12-17,42.249900000000004,42,0.24990000000000379
c012,sku0100,2025-12-17,13.2503,15,1.7497000000000007
c012,sku0101,2025-12-17,21.2499,19,2.2499000000000002
c012,sku0102,2025-12-17,27.7501,23,4.7501
c012,sku0103,2025-12-17,35.4998,35,0.49980000000000047
c013,sku0104,2025-12-17,40.9997,41,0.00030000000000285354
c013,sku0105,2025-12-17,12.749799999999999,12,0.7497999999999987
c013,sku0106,2025-12-17,20.7501,18,2.7500999999999998
c013,sku0107,2025-12-17,28.499799999999997,27,1.499799999999997
c013,sku0108,2025-12-17,35.0,36,1.0
c013,sku0109,2025-12-17,41.2503,43,1.7496999999999971
c013,sku0110,2025-12-17,15.2502,15,0.25019999999999953
c013,sku0111,2025-12-17,18.5003,20,1.4997000000000007
c014,sku0112,2025-12-17,28.574699999999996,30,1.4253000000000036
c014,sku0113,2025-12-17,34.750099999999996,37,2.249900000000004
c014,sku0114,2025-12-17,43.999900000000004,43,0.9999000000000038
c014,sku0115,2025-12-17,13.2503,15,1.7497000000000007
c014,sku0116,2025-12-17,22.0003,19,3.0002999999999993
c014,sku0117,2025-12-17,27.5002,28,0.49980000000000047
c014,sku0118,2025-12-17,35.249900000000004,35,0.24990000000000379
c014,sku0119,2025-12-17,40.9997,43,2.000300000000003
c015,sku0120,2025-12-17,14.0,12,2.0
c015,sku0121,2025-12-17,20.5002,25,4.4998000000000005
c015,sku0122,2025-12-17,29.500099999999996,28,1.5000999999999962
c015,sku0123,2025-12-17,36.0003,34,2.000300000000003
c015,sku0124,2025-12-17,43.500099999999996,44,0.4999000000000038
c015,sku0125,2025-12-17,13.2503,13,0.2502999999999993
c015,sku0126,2025-12-17,21.5747,21,0.5747
c015,sku0127,2025-12-17,27.7501,28,0.24990000000000023
c016,sku0128,2025-12-17,34.750099999999996,34,0.7500999999999962
c016,sku0129,2025-12-17,42.0,42,0.0
c016,sku0130,2025-12-17,13.500200000000001,14,0.4997999999999987
c016,sku0131,2025-12-17,22.0003,21,1.0002999999999993
c016,sku0132,2025-12-17,27.7501,29,1.2499000000000002
c016,sku0133,2025-12-17,33.7498,37,3.2501999999999995
c016,sku0134,2025-12-17,39.5003,44,4.499699999999997
c016,sku0135,2025-12-17,12.9997,10,2.9997000000000007
c017,sku0136,2025-12-17,0.0,0,0.0
c017,sku0137,2025-12-17,28.324800000000003,26,2.3248000000000033
c017,sku0138,2025-12-17,34.2503,36,1.7496999999999971
c017,sku0139,2025-12-17,43.75,41,2.75
c017,sku0140,2025-12-17,12.749799999999999,15,2.2502000000000013
c017,sku0141,2025-12-17,19.7498,22,2.2501999999999995
c017,sku0142,2025-12-17,28.499799999999997,29,0.5002000000000031
c017,sku0143,2025-12-17,35.7497,37,1.2503000000000029
c018,sku0144,2025-12-17,40.074999999999996,42,1.9250000000000043
c018,sku0145,2025-12-17,13.500200000000001,12,1.5002000000000013
c018,sku0146,2025-12-17,20.5002,23,2.4998000000000005
c018,sku0147,2025-12-17,27.5002,29,1.4998000000000005
c018,sku0148,2025-12-17,35.0,35,0.0
c018,sku0149,2025-12-17,42.249900000000004,44,1.7500999999999962
c018,sku0150,2025-12-17,12.0001,17,4.9999
c018,sku0151,2025-12-17,21.2499,21,0.24990000000000023
c019,sku0152,2025-12-17,29.0752,27,2.075199999999999
c019,sku0153,2025-12-17,35.249900000000004,33,2.249900000000004
c019,sku0154,2025-12-17,40.000099999999996,42,1.9999000000000038
c019,sku0155,2025-12-17,14.0,15,1.0
c019,sku0156,2025-12-17,19.7498,20,0.25019999999999953
c019,sku0157,2025-12-17,27.2503,29,1.7497000000000007
c019,sku0158,2025-12-17,35.0,33,2.0
c019,sku0159,2025-12-17,41.2503,41,0.25030000000000285
c020,sku0160,2025-12-17,14.0,11,3.0
c020,sku0161,2025-12-17,19.4999,23,3.5000999999999998
c020,sku0162,2025-12-17,26.9997,27,0.0002999999999993008
c020,sku0163,2025-12-17,33.000099999999996,38,4.999900000000004
c020,sku0164,2025-12-17,42.0,44,2.0
c020,sku0165,2025-12-17,14.4998,13,1.4998000000000005
c020,sku0166,2025-12-17,20.7501,20,0.7500999999999998
c020,sku0167,2025-12-17,29.250200000000003,29,0.2502000000000031
c021,sku0168,2025-12-17,36.2502,37,0.7498000000000005
c021,sku0169,2025-12-17,42.4998,40,2.4998000000000005
c021,sku0170,2025-12-17,14.4998,15,0.5001999999999995
c021,sku0171,2025-12-17,21.0,23,2.0
c021,sku0172,2025-12-17,27.5002,23,4.5001999999999995
c021,sku0173,2025-12-17,34.5751,36,1.424900000000001
c021,sku0174,2025-12-17,41.5002,43,1.4998000000000005
c021,sku0175,2025-12-17,13.2503,12,1.2502999999999993
c022,sku0176,2025-12-17,0.0,0,0.0
c022,sku0177,2025-12-17,28.249900000000004,29,0.7500999999999962
c022,sku0178,2025-12-17,36.75,36,0.75
c022,sku0179,2025-12-17,43.0003,40,3.000300000000003
c022,sku0180,2025-12-17,14.4998,16,1.5001999999999995
c022,sku0181,2025-12-17,19.7498,21,1.2501999999999995
c022,sku0182,2025-12-17,27.2503,25,2.2502999999999993
c022,sku0183,2025-12-17,34.2503,33,1.2503000000000029
c023,sku0184,2025-12-17,41.2503,44,2.749699999999997
c023,sku0185,2025-12-17,15.8249,9,6.8248999999999995
c023,sku0186,2025-12-17,19.25,24,4.75
c023,sku0187,2025-12-17,26.9997,28,1.0002999999999993
c023,sku0188,2025-12-17,33.9997,35,1.0003000000000029
c023,sku0189,2025-12-17,40.9997,43,2.000300000000003
c023,sku0190,2025-12-17,13.7501,13,0.7500999999999998
c023,sku0191,2025-12-17,20.7501,22,1.2499000000000002
c024,sku0192,2025-12-17,28.0,30,2.0
c024,sku0193,2025-12-17,34.2503,38,3.749699999999997
c024,sku0194,2025-12-17,41.750099999999996,42,0.24990000000000379
c024,sku0195,2025-12-17,14.4998,15,0.5001999999999995
c024,sku0196,2025-12-17,21.324800000000003,19,2.3248000000000033
c024,sku0197,2025-12-17,27.5002,29,1.4998000000000005
c024,sku0198,2025-12-17,35.249900000000004,39,3.750099999999996
c024,sku0199,2025-12-17,43.2502,45,1.7498000000000005
c025,sku0200,2025-12-17,14.249899999999998,12,2.2498999999999985
c025,sku0201,2025-12-17,19.9997,19,0.9997000000000007
c025,sku0202,2025-12-17,28.0,30,2.0
c025,sku0203,2025-12-17,34.2503,33,1.2503000000000029
c025,sku0204,2025-12-17,42.4998,43,0.5001999999999995
c025,sku0205,2025-12-17,14.4998,11,3.4998000000000005
c025,sku0206,2025-12-17,20.7501,23,2.2499000000000002
c025,sku0207,2025-12-17,27.2503,27,0.2502999999999993
c026,sku0208,2025-12-17,34.2503,38,3.749699999999997
c026,sku0209,2025-12-17,40.7498,42,1.2501999999999995
c026,sku0210,2025-12-17,15.8249,20,4.1751000000000005
c026,sku0211,2025-12-17,17.5749,22,4.4251000000000005
c026,sku0212,2025-12-17,28.249900000000004,27,1.2499000000000038
c026,sku0213,2025-12-17,35.4998,33,2.4998000000000005
c026,sku0214,2025-12-17,43.500099999999996,43,0.5000999999999962
c026,sku0215,2025-12-17,13.500200000000001,14,0.4997999999999987
c027,sku0216,2025-12-17,0.0,0,0.0
c027,sku0217,2025-12-17,28.499799999999997,29,0.5002000000000031
c027,sku0218,2025-12-17,34.2503,36,1.7496999999999971
c027,sku0219,2025-12-17,41.3252,42,0.6747999999999976
c027,sku0220,2025-12-17,15.0003,13,2.0002999999999993
c027,sku0221,2025-12-17,21.324800000000003,23,1.6751999999999967
c027,sku0222,2025-12-17,28.0,29,1.0
c027,sku0223,2025-12-17,35.4998,35,0.49980000000000047
c028,sku0224,2025-12-17,40.9997,45,4.000300000000003
c028,sku0225,2025-12-17,14.0,12,2.0
c028,sku0226,2025-12-17,17.824800000000003,24,6.175199999999997
c028,sku0227,2025-12-17,28.7497,26,2.7497000000000007
c028,sku0228,2025-12-17,33.9997,34,0.00030000000000285354
c028,sku0229,2025-12-17,42.4998,39,3.4998000000000005
c028,sku0230,2025-12-17,14.0,10,4.0
c028,sku0231,2025-12-17,19.8247,21,1.1753
c029,sku0232,2025-12-17,26.7498,26,0.7498000000000005
c029,sku0233,2025-12-17,34.5002,35,0.49980000000000047
c029,sku0234,2025-12-17,41.5002,43,1.4998000000000005
c029,sku0235,2025-12-17,14.0,14,0.0
c029,sku0236,2025-12-17,20.7501,19,1.7500999999999998
c029,sku0237,2025-12-17,28.249900000000004,25,3.249900000000004
c029,sku0238,2025-12-17,35.249900000000004,32,3.249900000000004
c029,sku0239,2025-12-17,40.9997,46,5.000300000000003
c030,sku0240,2025-12-17,12.25,16,3.75
c030,sku0241,2025-12-17,20.7501,18,2.7500999999999998
c030,sku0242,2025-12-17,28.0,30,2.0
c030,sku0243,2025-12-17,34.750099999999996,33,1.7500999999999962
c030,sku0244,2025-12-17,41.5751,44,2.424900000000001
c030,sku0245,2025-12-17,16.7503,14,2.7502999999999993
c030,sku0246,2025-12-17,20.5002,20,0.5001999999999995
c030,sku0247,2025-12-17,26.7498,28,1.2501999999999995
c031,sku0248,2025-12-17,35.0,37,2.0
c031,sku0249,2025-12-17,41.5002,43,1.4998000000000005
c031,sku0250,2025-12-17,12.9997,15,2.0002999999999993
c031,sku0251,2025-12-17,21.0,24,3.0
c031,sku0252,2025-12-17,29.0752,28,1.0751999999999988
c031,sku0253,2025-12-17,35.249900000000004,38,2.750099999999996
c031,sku0254,2025-12-17,41.750099999999996,41,0.7500999999999962
c031,sku0255,2025-12-17,11.8251,15,3.174899999999999
c032,sku0256,2025-12-17,0.0,0,0.0
c032,sku0257,2025-12-17,27.7501,26,1.7500999999999998
c032,sku0258,2025-12-17,33.25,35,1.75
c032,sku0259,2025-12-17,41.5002,43,1.4998000000000005
c032,sku0260,2025-12-17,12.4999,15,2.5000999999999998
c032,sku0261,2025-12-17,19.7498,22,2.2501999999999995
c032,sku0262,2025-12-17,26.9997,31,4.000299999999999
c032,sku0263,2025-12-17,35.0,33,2.0
c033,sku0264,2025-12-17,39.5003,41,1.4996999999999971
c033,sku0265,2025-12-17,13.2503,16,2.7497000000000007
c033,sku0266,2025-12-17,21.2499,18,3.2499000000000002
c033,sku0267,2025-12-17,29.500099999999996,27,2.500099999999996
c033,sku0268,2025-12-17,34.5002,34,0.5001999999999995
c033,sku0269,2025-12-17,42.249900000000004,39,3.249900000000004
c033,sku0270,2025-12-17,12.749799999999999,11,1.7497999999999987
c033,sku0271,2025-12-17,22.0003,24,1.9997000000000007
c034,sku0272,2025-12-17,27.7501,29,1.2499000000000002
c034,sku0273,2025-12-17,35.249900000000004,34,1.2499000000000038
c034,sku0274,2025-12-17,40.9997,45,4.000300000000003
c034,sku0275,2025-12-17,15.0003,14,1.0002999999999993
c034,sku0276,2025-12-17,20.2503,21,0.7497000000000007
c034,sku0277,2025-12-17,28.0,26,2.0
c034,sku0278,2025-12-17,35.0,35,0.0
c034,sku0279,2025-12-17,44.8252,43,1.8252000000000024
c035,sku0280,2025-12-17,14.7497,13,1.7497000000000007
c035,sku0281,2025-12-17,22.8249,23,0.17510000000000048
c035,sku0282,2025-12-17,28.499799999999997,28,0.4997999999999969
c035,sku0283,2025-12-17,33.7498,36,2.2501999999999995
c035,sku0284,2025-12-17,42.4998,44,1.5001999999999995
c035,sku0285,2025-12-17,15.0003,18,2.9997000000000007
c035,sku0286,2025-12-17,20.7501,17,3.7500999999999998
c035,sku0287,2025-12-17,26.25,27,0.75
c036,sku0288,2025-12-17,35.8253,37,1.1747000000000014
c036,sku0289,2025-12-17,40.7498,43,2.2501999999999995
c036,sku0290,2025-12-17,15.75,15,0.75
c036,sku0291,2025-12-17,21.0,18,3.0
c036,sku0292,2025-12-17,28.249900000000004,28,0.24990000000000379
c036,sku0293,2025-12-17,34.5002,35,0.49980000000000047
c036,sku0294,2025-12-17,42.0,38,4.0
c036,sku0295,2025-12-17,14.7497,12,2.7497000000000007
c037,sku0296,2025-12-17,0.0,0,0.0
c037,sku0297,2025-12-17,28.0,29,1.0
c037,sku0298,2025-12-17,35.7497,35,0.7496999999999971
c037,sku0299,2025-12-17,40.499900000000004,43,2.500099999999996
c037,sku0300,2025-12-17,12.9997,14,1.0002999999999993
c037,sku0301,2025-12-17,19.9997,19,0.9997000000000007
c037,sku0302,2025-12-17,29.500099999999996,28,1.5000999999999962
c037,sku0303,2025-12-17,35.0,31,4.0
c038,sku0304,2025-12-17,42.249900000000004,43,0.7500999999999962
c038,sku0305,2025-12-17,14.249899999999998,13,1.2498999999999985
c038,sku0306,2025-12-17,22.0003,20,2.0002999999999993
c038,sku0307,2025-12-17,27.2503,26,1.2502999999999993
c038,sku0308,2025-12-17,35.249900000000004,33,2.249900000000004
c038,sku0309,2025-12-17,42.4998,45,2.5001999999999995
c038,sku0310,2025-12-17,14.7497,11,3.7497000000000007
c038,sku0311,2025-12-17,22.0003,21,1.0002999999999993
c039,sku0312,2025-12-17,27.7501,29,1.2499000000000002
c039,sku0313,2025-12-17,35.7497,35,0.7496999999999971
c039,sku0314,2025-12-17,42.249900000000004,42,0.24990000000000379
c039,sku0315,2025-12-17,14.0,13,1.0
c039,sku0316,2025-12-17,21.7497,25,3.2502999999999993
c039,sku0317,2025-12-17,27.7501,27,0.7500999999999998
c039,sku0318,2025-12-17,35.4998,38,2.5001999999999995
c039,sku0319,2025-12-17,40.9997,41,0.00030000000000285354
c040,sku0320,2025-12-17,14.4998,12,2.4998000000000005
c040,sku0321,2025-12-17,20.5002,22,1.4998000000000005
c040,sku0322,2025-12-17,28.499799999999997,28,0.4997999999999969
c040,sku0323,2025-12-17,36.999900000000004,35,1.9999000000000038
c040,sku0324,2025-12-17,42.7497,43,0.25030000000000285
c040,sku0325,2025-12-17,13.7501,14,0.24990000000000023
c040,sku0326,2025-12-17,21.7497,24,2.2502999999999993
c040,sku0327,2025-12-17,27.5002,30,2.4998000000000005
c041,sku0328,2025-12-17,35.4998,31,4.4998000000000005
c041,sku0329,2025-12-17,43.999900000000004,41,2.999900000000004
c041,sku0330,2025-12-17,14.0,15,1.0
c041,sku0331,2025-12-17,19.25,21,1.75
c041,sku0332,2025-12-17,27.5002,29,1.4998000000000005
c041,sku0333,2025-12-17,34.750099999999996,34,0.7500999999999962
c041,sku0334,2025-12-17,40.9997,40,0.9996999999999971
c041,sku0335,2025-12-17,12.4999,12,0.49990000000000023
c042,sku0336,2025-12-17,0.0,0,0.0
c042,sku0337,2025-12-17,28.0,29,1.0
c042,sku0338,2025-12-17,35.7497,37,1.2503000000000029
c042,sku0339,2025-12-17,42.249900000000004,39,3.249900000000004
c042,sku0340,2025-12-17,14.0,16,2.0
c042,sku0341,2025-12-17,22.0003,19,3.0002999999999993
c042,sku0342,2025-12-17,27.2503,31,3.7497000000000007
c042,sku0343,2025-12-17,34.750099999999996,34,0.7500999999999962
c043,sku0344,2025-12-17,43.500099999999996,42,1.5000999999999962
c043,sku0345,2025-12-17,13.500200000000001,11,2.5002000000000013
c043,sku0346,2025-12-17,21.0,20,1.0
c043,sku0347,2025-12-17,28.249900000000004,25,3.249900000000004
c043,sku0348,2025-12-17,33.499900000000004,35,1.5000999999999962
c043,sku0349,2025-12-17,43.8249,47,3.1751000000000005
c043,sku0350,2025-12-17,13.7501,17,3.2499000000000002
c043,sku0351,2025-12-17,20.7501,22,1.2499000000000002
c044,sku0352,2025-12-17,26.9997,29,2.0002999999999993
c044,sku0353,2025-12-17,35.249900000000004,35,0.24990000000000379
c044,sku0354,2025-12-17,40.9997,41,0.00030000000000285354
c044,sku0355,2025-12-17,12.9997,13,0.0002999999999993008
c044,sku0356,2025-12-17,20.5002,18,2.5001999999999995
c044,sku0357,2025-12-17,27.5002,29,1.4998000000000005
c044,sku0358,2025-12-17,36.2502,38,1.7498000000000005
c044,sku0359,2025-12-17,41.750099999999996,45,3.249900000000004
c045,sku0360,2025-12-17,12.0001,14,1.9999000000000002
c045,sku0361,2025-12-17,21.0,19,2.0
c045,sku0362,2025-12-17,28.0,30,2.0
c045,sku0363,2025-12-17,34.2503,39,4.749699999999997
c045,sku0364,2025-12-17,40.9997,38,2.999699999999997
c045,sku0365,2025-12-17,15.500100000000002,15,0.5001000000000015
c045,sku0366,2025-12-17,20.5002,19,1.5001999999999995
c045,sku0367,2025-12-17,26.9997,31,4.000299999999999
c046,sku0368,2025-12-17,34.750099999999996,36,1.2499000000000038
c046,sku0369,2025-12-17,42.249900000000004,40,2.249900000000004
c046,sku0370,2025-12-17,14.7497,12,2.7497000000000007
c046,sku0371,2025-12-17,20.7501,20,0.7500999999999998
c046,sku0372,2025-12-17,29.999900000000004,28,1.9999000000000038
c046,sku0373,2025-12-17,36.2502,36,0.25019999999999953
c046,sku0374,2025-12-17,42.249900000000004,40,2.249900000000004
c046,sku0375,2025-12-17,15.500100000000002,14,1.5001000000000015
c047,sku0376,2025-12-17,0.0,0,0.0
c047,sku0377,2025-12-17,26.7498,33,6.2501999999999995
c047,sku0378,2025-12-17,35.3248,37,1.6751999999999967
c047,sku0379,2025-12-17,42.249900000000004,38,4.249900000000004
c047,sku0380,2025-12-17,14.0,15,1.0
c047,sku0381,2025-12-17,22.0752,19,3.075199999999999
c047,sku0382,2025-12-17,26.0001,28,1.9999000000000002
c047,sku0383,2025-12-17,35.249900000000004,33,2.249900000000004
c048,sku0384,2025-12-17,41.750099999999996,46,4.249900000000004
c048,sku0385,2025-12-17,14.0,15,1.0
c048,sku0386,2025-12-17,18.325300000000002,23,4.674699999999998
c048,sku0387,2025-12-17,27.5002,32,4.4998000000000005
c048,sku0388,2025-12-17,34.2503,35,0.7496999999999971
c048,sku0389,2025-12-17,42.8253,41,1.8252999999999986
c048,sku0390,2025-12-17,13.7501,13,0.7500999999999998
c048,sku0391,2025-12-17,20.7501,19,1.7500999999999998
c049,sku0392,2025-12-17,28.0749,31,2.9251000000000005
c049,sku0393,2025-12-17,34.5002,36,1.4998000000000005
c049,sku0394,2025-12-17,40.9997,41,0.00030000000000285354
c049,sku0395,2025-12-17,12.749799999999999,11,1.7497999999999987
c049,sku0396,2025-12-17,21.4998,23,1.5001999999999995
c049,sku0397,2025-12-17,29.500099999999996,25,4.500099999999996
c049,sku0398,2025-12-17,33.9997,35,1.0003000000000029
c049,sku0399,2025-12-17,44.0748,42,2.0748000000000033
c050,sku0400,2025-12-17,14.324800000000002,11,3.3248000000000015
c050,sku0401,2025-12-17,20.5002,23,2.4998000000000005
c050,sku0402,2025-12-17,28.499799999999997,29,0.5002000000000031
c050,sku0403,2025-12-17,34.2503,36,1.7496999999999971
c050,sku0404,2025-12-17,42.0,40,2.0
c050,sku0405,2025-12-17,14.249899999999998,7,7.2498999999999985
c050,sku0406,2025-12-17,21.4998,22,0.5001999999999995
c050,sku0407,2025-12-17,28.249900000000004,29,0.7500999999999962
c051,sku0408,2025-12-17,35.3248,36,0.6751999999999967
c051,sku0409,2025-12-17,42.4998,40,2.4998000000000005
c051,sku0410,2025-12-17,13.2503,15,1.7497000000000007
c051,sku0411,2025-12-17,22.75,18,4.75
c051,sku0412,2025-12-17,28.8253,26,2.8252999999999986
c051,sku0413,2025-12-17,32.7502,32,0.7501999999999995
c051,sku0414,2025-12-17,41.5002,41,0.5001999999999995
c051,sku0415,2025-12-17,14.4998,15,0.5001999999999995
c052,sku0416,2025-12-17,0.0,0,0.0
c052,sku0417,2025-12-17,28.249900000000004,31,2.750099999999996
c052,sku0418,2025-12-17,33.9997,34,0.00030000000000285354
c052,sku0419,2025-12-17,43.3251,44,0.6749000000000009
c052,sku0420,2025-12-17,13.2503,12,1.2502999999999993
c052,sku0421,2025-12-17,20.2503,19,1.2502999999999993
c052,sku0422,2025-12-17,28.0,33,5.0
c052,sku0423,2025-12-17,34.750099999999996,34,0.7500999999999962
c053,sku0424,2025-12-17,44.3247,43,1.3247
c053,sku0425,2025-12-17,14.4998,16,1.5001999999999995
c053,sku0426,2025-12-17,21.7497,22,0.2502999999999993
c053,sku0427,2025-12-17,28.249900000000004,27,1.2499000000000038
c053,sku0428,2025-12-17,34.2503,33,1.2503000000000029
c053,sku0429,2025-12-17,44.5753,41,3.5752999999999986
c053,sku0430,2025-12-17,12.9997,16,3.0002999999999993
c053,sku0431,2025-12-17,21.2499,20,1.2499000000000002
c054,sku0432,2025-12-17,26.9997,34,7.000299999999999
c054,sku0433,2025-12-17,35.0,35,0.0
c054,sku0434,2025-12-17,40.9997,42,1.0003000000000029
c054,sku0435,2025-12-17,13.7501,13,0.7500999999999998
c054,sku0436,2025-12-17,21.2499,18,3.2499000000000002
c054,sku0437,2025-12-17,29.500099999999996,27,2.500099999999996
c054,sku0438,2025-12-17,36.75,36,0.75
c054,sku0439,2025-12-17,39.5752,40,0.4247999999999976
c055,sku0440,2025-12-17,15.0003,12,3.0002999999999993
c055,sku0441,2025-12-17,22.5001,22,0.5000999999999998
c055,sku0442,2025-12-17,27.2503,28,0.7497000000000007
c055,sku0443,2025-12-17,35.0,38,3.0
c055,sku0444,2025-12-17,41.750099999999996,44,2.249900000000004
c055,sku0445,2025-12-17,13.5751,14,0.42489999999999917
c055,sku0446,2025-12-17,22.75,19,3.75
c055,sku0447,2025-12-17,26.7498,29,2.2501999999999995
c056,sku0448,2025-12-17,35.3248,34,1.3248000000000033
c056,sku0449,2025-12-17,41.750099999999996,43,1.2499000000000038
c056,sku0450,2025-12-17,14.0,11,3.0
c056,sku0451,2025-12-17,18.5003,23,4.499700000000001
c056,sku0452,2025-12-17,28.249900000000004,28,0.24990000000000379
c056,sku0453,2025-12-17,34.5002,34,0.5001999999999995
c056,sku0454,2025-12-17,41.2503,41,0.25030000000000285
c056,sku0455,2025-12-17,12.5748,11,1.5747999999999998
c057,sku0456,2025-12-17,0.0,0,0.0
c057,sku0457,2025-12-17,29.0003,26,3.0002999999999993
c057,sku0458,2025-12-17,36.0003,36,0.00030000000000285354
c057,sku0459,2025-12-17,42.7497,43,0.25030000000000285
c057,sku0460,2025-12-17,14.0,15,1.0
c057,sku0461,2025-12-17,20.5002,23,2.4998000000000005
c057,sku0462,2025-12-17,28.0,26,2.0
c057,sku0463,2025-12-17,33.7498,33,0.7498000000000005
c058,sku0464,2025-12-17,40.7498,42,1.2501999999999995
c058,sku0465,2025-12-17,13.500200000000001,18,4.499799999999999
c058,sku0466,2025-12-17,19.9997,19,0.9997000000000007
c058,sku0467,2025-12-17,27.7501,27,0.7500999999999998
c058,sku0468,2025-12-17,34.750099999999996,33,1.7500999999999962
c058,sku0469,2025-12-17,42.0,42,0.0
c058,sku0470,2025-12-17,14.0,14,0.0
c058,sku0471,2025-12-17,22.2502,20,2.2501999999999995
c059,sku0472,2025-12-17,26.4999,30,3.5000999999999998
c059,sku0473,2025-12-17,36.0752,34,2.0752000000000024
c059,sku0474,2025-12-17,40.7498,39,1.7498000000000005
c059,sku0475,2025-12-17,14.0,9,5.0
c059,sku0476,2025-12-17,22.9999,20,2.9999000000000002
c059,sku0477,2025-12-17,29.75,27,2.75
c059,sku0478,2025-12-17,34.2503,37,2.749699999999997
c059,sku0479,2025-12-17,42.0,40,2.0
c060,sku0480,2025-12-17,14.4998,13,1.4998000000000005
c060,sku0481,2025-12-17,19.4999,22,2.5000999999999998
c060,sku0482,2025-12-17,28.0749,32,3.9251000000000005
c060,sku0483,2025-12-17,33.7498,37,3.2501999999999995
c060,sku0484,2025-12-17,42.0,43,1.0
c060,sku0485,2025-12-17,15.8249,14,1.8248999999999995
c060,sku0486,2025-12-17,17.7499,18,0.25009999999999977
c060,sku0487,2025-12-17,26.4999,29,2.5000999999999998
c061,sku0488,2025-12-17,34.2503,36,1.7496999999999971
c061,sku0489,2025-12-17,40.9997,42,1.0003000000000029
c061,sku0490,2025-12-17,12.749799999999999,13,0.2502000000000013
c061,sku0491,2025-12-17,20.7501,21,0.24990000000000023
c061,sku0492,2025-12-17,26.9997,26,0.9997000000000007
c061,sku0493,2025-12-17,36.999900000000004,31,5.999900000000004
c061,sku0494,2025-12-17,43.0003,45,1.9996999999999971
c061,sku0495,2025-12-17,13.2503,14,0.7497000000000007
c062,sku0496,2025-12-17,0.0,0,0.0
c062,sku0497,2025-12-17,26.7498,30,3.2501999999999995
c062,sku0498,2025-12-17,33.7498,34,0.25019999999999953
c062,sku0499,2025-12-17,41.5002,41,0.5001999999999995
c062,sku0000,2025-12-17,12.749799999999999,16,3.2502000000000013
c062,sku0001,2025-12-17,19.7498,25,5.2501999999999995
c062,sku0002,2025-12-17,27.5002,24,3.5001999999999995
c062,sku0003,2025-12-17,34.2503,39,4.749699999999997
c063,sku0004,2025-12-17,42.0,44,2.0
c063,sku0005,2025-12-17,14.249899999999998,13,1.2498999999999985
c063,sku0006,2025-12-17,19.9997,20,0.0002999999999993008
c063,sku0007,2025-12-17,26.9997,28,1.0002999999999993
c063,sku0008,2025-12-17,35.0,37,2.0
c063,sku0009,2025-12-17,41.5002,42,0.49980000000000047
c063,sku0010,2025-12-17,14.4998,14,0.49980000000000047
c063,sku0011,2025-12-17,23.4997,19,4.499700000000001
c064,sku0012,2025-12-17,27.2503,27,0.2502999999999993
c064,sku0013,2025-12-17,32.7502,35,2.2498000000000005
c064,sku0014,2025-12-17,43.574999999999996,43,0.5749999999999957
c064,sku0015,2025-12-17,13.2503,14,0.7497000000000007
c064,sku0016,2025-12-17,21.7497,21,0.7497000000000007
c064,sku0017,2025-12-17,26.4999,29,2.5000999999999998
c064,sku0018,2025-12-17,35.249900000000004,37,1.7500999999999962
c064,sku0019,2025-12-17,41.5002,41,0.5001999999999995
c065,sku0020,2025-12-17,15.0003,12,3.0002999999999993
c065,sku0021,2025-12-17,21.0,20,1.0
c065,sku0022,2025-12-17,28.7497,25,3.7497000000000007
c065,sku0023,2025-12-17,36.0003,39,2.999699999999997
c065,sku0024,2025-12-17,42.4998,41,1.4998000000000005
c065,sku0025,2025-12-17,13.500200000000001,16,2.4997999999999987
c065,sku0026,2025-12-17,19.7498,17,2.7498000000000005
c065,sku0027,2025-12-17,26.9997,27,0.0002999999999993008
c066,sku0028,2025-12-17,35.249900000000004,37,1.7500999999999962
c066,sku0029,2025-12-17,42.0,42,0.0
c066,sku0030,2025-12-17,14.5747,12,2.5747
c066,sku0031,2025-12-17,22.5001,20,2.5000999999999998
c066,sku0032,2025-12-17,25.8251,28,2.174900000000001
c066,sku0033,2025-12-17,33.9997,37,3.000300000000003
c066,sku0034,2025-12-17,42.7497,42,0.7496999999999971
c066,sku0035,2025-12-17,13.7501,12,1.7500999999999998
c067,sku0036,2025-12-17,0.0,0,0.0
c067,sku0037,2025-12-17,27.7501,29,1.2499000000000002
c067,sku0038,2025-12-17,33.9997,35,1.0003000000000029
c067,sku0039,2025-12-17,40.7498,44,3.2501999999999995
c067,sku0040,2025-12-17,10.5749,12,1.4251000000000005
c067,sku0041,2025-12-17,18.7502,20,1.2498000000000005
c067,sku0042,2025-12-17,27.7501,27,0.7500999999999998
c067,sku0043,2025-12-17,34.2503,34,0.25030000000000285
c068,sku0044,2025-12-17,41.5002,38,3.5001999999999995
c068,sku0045,2025-12-17,14.0,14,0.0
c068,sku0046,2025-12-17,22.75,20,2.75
c068,sku0047,2025-12-17,28.249900000000004,28,0.24990000000000379
c068,sku0048,2025-12-17,34.750099999999996,34,0.7500999999999962
c068,sku0049,2025-12-17,42.4998,39,3.4998000000000005
c068,sku0050,2025-12-17,13.7501,10,3.7500999999999998
c068,sku0051,2025-12-17,21.0,23,2.0
c069,sku0052,2025-12-17,27.5002,31,3.4998000000000005
c069,sku0053,2025-12-17,35.7497,38,2.250300000000003
c069,sku0054,2025-12-17,42.7497,41,1.7496999999999971
c069,sku0055,2025-12-17,14.249899999999998,14,0.24989999999999846
c069,sku0056,2025-12-17,20.5002,20,0.5001999999999995
c069,sku0057,2025-12-17,28.0,30,2.0
c069,sku0058,2025-12-17,34.5002,38,3.4998000000000005
c069,sku0059,2025-12-17,41.2503,44,2.749699999999997
c070,sku0060,2025-12-17,15.325099999999999,15,0.32509999999999906
c070,sku0061,2025-12-17,19.9997,20,0.0002999999999993008
c070,sku0062,2025-12-17,29.250200000000003,31,1.749799999999997
c070,sku0063,2025-12-17,33.000099999999996,34,0.9999000000000038
c070,sku0064,2025-12-17,42.0,40,2.0
c070,sku0065,2025-12-17,14.249899999999998,17,2.7501000000000015
c070,sku0066,2025-12-17,19.7498,21,1.2501999999999995
c070,sku0067,2025-12-17,28.0,31,3.0
c071,sku0068,2025-12-17,33.25,35,1.75
c071,sku0069,2025-12-17,43.2502,48,4.7498000000000005
c071,sku0070,2025-12-17,14.4998,15,0.5001999999999995
c071,sku0071,2025-12-17,18.2497,25,6.750299999999999
c071,sku0072,2025-12-17,28.499799999999997,31,2.500200000000003
c071,sku0073,2025-12-17,35.0,32,3.0
c071,sku0074,2025-12-17,40.000099999999996,43,2.999900000000004
c071,sku0075,2025-12-17,15.500100000000002,16,0.49989999999999846
c072,sku0076,2025-12-17,0.0,0,0.0
c072,sku0077,2025-12-17,27.7501,25,2.7500999999999998
c072,sku0078,2025-12-17,33.3249,36,2.6751000000000005
c072,sku0079,2025-12-17,39.7502,42,2.2498000000000005
c072,sku0080,2025-12-17,14.0,14,0.0
c072,sku0081,2025-12-17,20.2503,25,4.749700000000001
c072,sku0082,2025-12-17,27.5002,28,0.49980000000000047
c072,sku0083,2025-12-17,33.9997,36,2.000300000000003
c073,sku0084,2025-12-17,41.750099999999996,40,1.7500999999999962
c073,sku0085,2025-12-17,12.4999,14,1.5000999999999998
c073,sku0086,2025-12-17,19.7498,21,1.2501999999999995
c073,sku0087,2025-12-17,28.0,29,1.0
c073,sku0088,2025-12-17,33.7498,35,1.2501999999999995
c073,sku0089,2025-12-17,41.750099999999996,46,4.249900000000004
c073,sku0090,2025-12-17,14.249899999999998,15,0.7501000000000015
c073,sku0091,2025-12-17,20.7501,19,1.7500999999999998
c074,sku0092,2025-12-17,27.7501,28,0.24990000000000023
c074,sku0093,2025-12-17,34.750099999999996,36,1.2499000000000038
c074,sku0094,2025-12-17,41.5002,42,0.49980000000000047
c074,sku0095,2025-12-17,12.9997,12,0.9997000000000007
c074,sku0096,2025-12-17,19.4999,19,0.49990000000000023
c074,sku0097,2025-12-17,28.0,28,0.0
c074,sku0098,2025-12-17,35.4998,35,0.49980000000000047
c074,sku0099,2025-12-17,42.0,43,1.0
c075,sku0100,2025-12-17,13.500200000000001,11,2.5002000000000013
c075,sku0101,2025-12-17,20.5002,21,0.49980000000000047
c075,sku0102,2025-12-17,27.2503,26,1.2502999999999993
c075,sku0103,2025-12-17,34.2503,32,2.250300000000003
c075,sku0104,2025-12-17,42.249900000000004,40,2.249900000000004
c075,sku0105,2025-12-17,13.2503,10,3.2502999999999993
c075,sku0106,2025-12-17,21.2499,19,2.2499000000000002
c075,sku0107,2025-12-17,28.499799999999997,24,4.499799999999997
c076,sku0108,2025-12-17,33.25,33,0.25
c076,sku0109,2025-12-17,42.249900000000004,44,1.7500999999999962
c076,sku0110,2025-12-17,14.249899999999998,14,0.24989999999999846
c076,sku0111,2025-12-17,22.0003,23,0.9997000000000007
c076,sku0112,2025-12-17,28.0,29,1.0
c076,sku0113,2025-12-17,35.0,36,1.0
c076,sku0114,2025-12-17,41.2503,42,0.7496999999999971
c076,sku0115,2025-12-17,12.749799999999999,14,1.2502000000000013
c077,sku0116,2025-12-17,0.0,0,0.0
c077,sku0117,2025-12-17,28.0,30,2.0
c077,sku0118,2025-12-17,34.750099999999996,33,1.7500999999999962
c077,sku0119,2025-12-17,43.2502,42,1.2501999999999995
c077,sku0120,2025-12-17,14.0,13,1.0
c077,sku0121,2025-12-17,21.2499,20,1.2499000000000002
c077,sku0122,2025-12-17,28.249900000000004,28,0.24990000000000379
c077,sku0123,2025-12-17,34.5002,33,1.5001999999999995
c078,sku0124,2025-12-17,42.4998,43,0.5001999999999995
c078,sku0125,2025-12-17,15.999899999999998,14,1.9998999999999985
c078,sku0126,2025-12-17,20.5002,19,1.5001999999999995
c078,sku0127,2025-12-17,27.2503,25,2.2502999999999993
c078,sku0128,2025-12-17,34.2503,32,2.250300000000003
c078,sku0129,2025-12-17,42.249900000000004,41,1.2499000000000038
c078,sku0130,2025-12-17,15.075199999999999,15,0.07519999999999882
c078,sku0131,2025-12-17,20.5002,25,4.4998000000000005
c079,sku0132,2025-12-17,28.249900000000004,26,2.249900000000004
c079,sku0133,2025-12-17,33.25,35,1.75
c079,sku0134,2025-12-17,41.750099999999996,43,1.2499000000000038
c079,sku0135,2025-12-17,15.325099999999999,16,0.6749000000000009
c079,sku0136,2025-12-17,19.4999,19,0.49990000000000023
c079,sku0137,2025-12-17,27.5002,26,1.5001999999999995
c079,sku0138,2025-12-17,35.4998,36,0.5001999999999995
c079,sku0139,2025-12-17,41.5002,45,3.4998000000000005
c080,sku0140,2025-12-17,14.0,16,2.0
c080,sku0141,2025-12-17,21.0,21,0.0
c080,sku0142,2025-12-17,29.0003,29,0.0002999999999993008
c080,sku0143,2025-12-17,34.750099999999996,34,0.7500999999999962
c080,sku0144,2025-12-17,42.4998,44,1.5001999999999995
c080,sku0145,2025-12-17,15.0003,13,2.0002999999999993
c080,sku0146,2025-12-17,21.0,20,1.0
c080,sku0147,2025-12-17,27.7501,28,0.24990000000000023
c081,sku0148,2025-12-17,35.0,34,1.0
c081,sku0149,2025-12-17,42.4998,43,0.5001999999999995
c081,sku0150,2025-12-17,14.249899999999998,15,0.7501000000000015
c081,sku0151,2025-12-17,19.0001,24,4.9999
c081,sku0152,2025-12-17,29.0003,26,3.0002999999999993
c081,sku0153,2025-12-17,36.0003,37,0.9996999999999971
c081,sku0154,2025-12-17,40.9997,45,4.000300000000003
c081,sku0155,2025-12-17,13.7501,15,1.2499000000000002
c082,sku0156,2025-12-17,0.0,0,0.0
c082,sku0157,2025-12-17,26.9997,29,2.0002999999999993
c082,sku0158,2025-12-17,34.750099999999996,33,1.7500999999999962
c082,sku0159,2025-12-17,44.2498,41,3.2498000000000005
c082,sku0160,2025-12-17,13.500200000000001,19,5.499799999999999
c082,sku0161,2025-12-17,19.25,21,1.75
c082,sku0162,2025-12-17,27.5002,28,0.49980000000000047
c082,sku0163,2025-12-17,36.500099999999996,33,3.500099999999996
c083,sku0164,2025-12-17,42.7497,40,2.749699999999997
c083,sku0165,2025-12-17,15.0003,12,3.0002999999999993
c083,sku0166,2025-12-17,21.7497,21,0.7497000000000007
c083,sku0167,2025-12-17,27.5002,30,2.4998000000000005
c083,sku0168,2025-12-17,35.249900000000004,32,3.249900000000004
c083,sku0169,2025-12-17,40.9997,40,0.9996999999999971
c083,sku0170,2025-12-17,13.500200000000001,12,1.5002000000000013
c083,sku0171,2025-12-17,20.2503,23,2.7497000000000007
c084,sku0172,2025-12-17,28.7497,24,4.749700000000001
c084,sku0173,2025-12-17,33.9997,35,1.0003000000000029
c084,sku0174,2025-12-17,42.249900000000004,40,2.249900000000004
c084,sku0175,2025-12-17,14.4998,14,0.49980000000000047
c084,sku0176,2025-12-17,20.2503,20,0.2502999999999993
c084,sku0177,2025-12-17,28.499799999999997,27,1.499799999999997
c084,sku0178,2025-12-17,34.5002,40,5.4998000000000005
c084,sku0179,2025-12-17,42.4998,45,2.5001999999999995
c085,sku0180,2025-12-17,11.575199999999999,10,1.5751999999999988
c085,sku0181,2025-12-17,20.2503,23,2.7497000000000007
c085,sku0182,2025-12-17,27.2503,28,0.7497000000000007
c085,sku0183,2025-12-17,34.2503,36,1.7496999999999971
c085,sku0184,2025-12-17,42.249900000000004,43,0.7500999999999962
c085,sku0185,2025-12-17,13.500200000000001,16,2.4997999999999987
c085,sku0186,2025-12-17,18.8251,21,2.174900000000001
c085,sku0187,2025-12-17,26.4999,33,6.5001
c086,sku0188,2025-12-17,34.5002,31,3.5001999999999995
c086,sku0189,2025-12-17,40.25,43,2.75
c086,sku0190,2025-12-17,14.4998,12,2.4998000000000005
c086,sku0191,2025-12-17,21.4998,19,2.4998000000000005
c086,sku0192,2025-12-17,28.7497,30,1.2502999999999993
c086,sku0193,2025-12-17,35.0,35,0.0
c086,sku0194,2025-12-17,40.9997,41,0.00030000000000285354
c086,sku0195,2025-12-17,13.500200000000001,16,2.4997999999999987
c087,sku0196,2025-12-17,0.0,0,0.0
c087,sku0197,2025-12-17,28.249900000000004,29,0.7500999999999962
c087,sku0198,2025-12-17,36.0003,35,1.0003000000000029
c087,sku0199,2025-12-17,41.5002,41,0.5001999999999995
c087,sku0200,2025-12-17,14.5747,16,1.4253
c087,sku0201,2025-12-17,20.2503,22,1.7497000000000007
c087,sku0202,2025-12-17,28.249900000000004,26,2.249900000000004
c087,sku0203,2025-12-17,34.2503,36,1.7496999999999971
c088,sku0204,2025-12-17,41.750099999999996,42,0.24990000000000379
c088,sku0205,2025-12-17,12.4999,17,4.5001
c088,sku0206,2025-12-17,22.0003,22,0.0002999999999993008
c088,sku0207,2025-12-17,27.7501,28,0.24990000000000023
c088,sku0208,2025-12-17,34.750099999999996,35,0.24990000000000379
c088,sku0209,2025-12-17,41.2503,46,4.749699999999997
c088,sku0210,2025-12-17,14.0,16,2.0
c088,sku0211,2025-12-17,21.0,19,2.0
c089,sku0212,2025-12-17,28.0,28,0.0
c089,sku0213,2025-12-17,35.7497,37,1.2503000000000029
c089,sku0214,2025-12-17,42.3248,41,1.3248000000000033
c089,sku0215,2025-12-17,14.249899999999998,15,0.7501000000000015
c089,sku0216,2025-12-17,19.7498,21,1.2501999999999995
c089,sku0217,2025-12-17,26.25,26,0.25
c089,sku0218,2025-12-17,34.2503,39,4.749699999999997
c089,sku0219,2025-12-17,42.249900000000004,40,2.249900000000004
c090,sku0220,2025-12-17,14.4998,14,0.49980000000000047
c090,sku0221,2025-12-17,21.7497,23,1.2502999999999993
c090,sku0222,2025-12-17,27.2503,29,1.7497000000000007
c090,sku0223,2025-12-17,35.249900000000004,31,4.249900000000004
c090,sku0224,2025-12-17,41.5002,42,0.49980000000000047
c090,sku0225,2025-12-17,12.749799999999999,13,0.2502000000000013
c090,sku0226,2025-12-17,21.4998,22,0.5001999999999995
c090,sku0227,2025-12-17,27.7501,26,1.7500999999999998
c091,sku0228,2025-12-17,35.0,35,0.0
c091,sku0229,2025-12-17,41.750099999999996,41,0.7500999999999962
c091,sku0230,2025-12-17,13.500200000000001,16,2.4997999999999987
c091,sku0231,2025-12-17,19.25,19,0.25
c091,sku0232,2025-12-17,29.574999999999996,25,4.574999999999996
c091,sku0233,2025-12-17,36.0003,35,1.0003000000000029
c091,sku0234,2025-12-17,41.750099999999996,43,1.2499000000000038
c091,sku0235,2025-12-17,14.7497,12,2.7497000000000007
c092,sku0236,2025-12-17,0.0,0,0.0
c092,sku0237,2025-12-17,27.2503,27,0.2502999999999993
c092,sku0238,2025-12-17,35.0,33,2.0
c092,sku0239,2025-12-17,42.249900000000004,39,3.249900000000004
c092,sku0240,2025-12-17,14.4998,14,0.49980000000000047
c092,sku0241,2025-12-17,22.5001,21,1.5000999999999998
c092,sku0242,2025-12-17,29.999900000000004,27,2.999900000000004
c092,sku0243,2025-12-17,34.750099999999996,34,0.7500999999999962
c093,sku0244,2025-12-17,39.8251,43,3.174900000000001
c093,sku0245,2025-12-17,14.7497,15,0.2502999999999993
c093,sku0246,2025-12-17,21.7497,16,5.749700000000001
c093,sku0247,2025-12-17,28.499799999999997,25,3.499799999999997
c093,sku0248,2025-12-17,35.4998,34,1.4998000000000005
c093,sku0249,2025-12-17,42.0,44,2.0
c093,sku0250,2025-12-17,13.2503,17,3.7497000000000007
c093,sku0251,2025-12-17,19.9997,20,0.0002999999999993008
c094,sku0252,2025-12-17,27.5002,29,1.4998000000000005
c094,sku0253,2025-12-17,34.2503,39,4.749699999999997
c094,sku0254,2025-12-17,41.2503,45,3.749699999999997
c094,sku0255,2025-12-17,13.500200000000001,19,5.499799999999999
c094,sku0256,2025-12-17,20.7501,22,1.2499000000000002
c094,sku0257,2025-12-17,27.5002,27,0.5001999999999995
c094,sku0258,2025-12-17,34.824999999999996,34,0.8249999999999957
c094,sku0259,2025-12-17,43.0003,44,0.9996999999999971
c095,sku0260,2025-12-17,14.4998,14,0.49980000000000047
c095,sku0261,2025-12-17,20.7501,20,0.7500999999999998
c095,sku0262,2025-12-17,27.2503,28,0.7497000000000007
c095,sku0263,2025-12-17,35.0,34,1.0
c095,sku0264,2025-12-17,43.0003,43,0.00030000000000285354
c095,sku0265,2025-12-17,14.7497,12,2.7497000000000007
c095,sku0266,2025-12-17,21.4998,17,4.4998000000000005
c095,sku0267,2025-12-17,27.5002,28,0.49980000000000047
c096,sku0268,2025-12-17,35.4998,34,1.4998000000000005
c096,sku0269,2025-12-17,40.7498,44,3.2501999999999995
c096,sku0270,2025-12-17,14.7497,14,0.7497000000000007
c096,sku0271,2025-12-17,22.0003,19,3.0002999999999993
c096,sku0272,2025-12-17,29.500099999999996,27,2.500099999999996
c096,sku0273,2025-12-17,33.9997,33,0.9996999999999971
c096,sku0274,2025-12-17,41.750099999999996,42,0.24990000000000379
c096,sku0275,2025-12-17,14.0,12,2.0
c097,sku0276,2025-12-17,0.0,0,0.0
c097,sku0277,2025-12-17,27.7501,29,1.2499000000000002
c097,sku0278,2025-12-17,32.7502,35,2.2498000000000005
c097,sku0279,2025-12-17,41.5002,42,0.49980000000000047
c097,sku0280,2025-12-17,14.0,14,0.0
c097,sku0281,2025-12-17,20.7501,22,1.2499000000000002
c097,sku0282,2025-12-17,28.249900000000004,27,1.2499000000000038
c097,sku0283,2025-12-17,34.750099999999996,34,0.7500999999999962
c098,sku0284,2025-12-17,42.4998,42,0.49980000000000047
c098,sku0285,2025-12-17,13.500200000000001,15,1.4997999999999987
c098,sku0286,2025-12-17,21.4998,22,0.5001999999999995
c098,sku0287,2025-12-17,28.0,24,4.0
c098,sku0288,2025-12-17,35.0749,37,1.9251000000000005
c098,sku0289,2025-12-17,41.2503,40,1.2503000000000029
c098,sku0290,2025-12-17,14.0,11,3.0
c098,sku0291,2025-12-17,21.4998,24,2.5001999999999995
c099,sku0292,2025-12-17,28.499799999999997,31,2.500200000000003
c099,sku0293,2025-12-17,34.750099999999996,35,0.24990000000000379
c099,sku0294,2025-12-17,43.2502,46,2.7498000000000005
c099,sku0295,2025-12-17,12.8247,15,2.1753
c099,sku0296,2025-12-17,18.7502,20,1.2498000000000005
c099,sku0297,2025-12-17,28.0,25,3.0
c099,sku0298,2025-12-17,35.7497,34,1.7496999999999971
c099,sku0299,2025-12-17,42.249900000000004,43,0.7500999999999962
f000,sku0000,2025-12-17,13.500200000000001,14,0.4997999999999987
f001,sku0001,2025-12-17,12.9997,14,1.0002999999999993
f003,sku0003,2025-12-17,16.7503,15,1.7502999999999993
f004,sku0004,2025-12-17,13.2503,12,1.2502999999999993
f005,sku0005,2025-12-17,11.0747,10,1.0747
f006,sku0006,2025-12-17,14.249899999999998,15,0.7501000000000015
f007,sku0007,2025-12-17,14.249899999999998,11,3.2498999999999985
f008,sku0008,2025-12-17,12.25,14,1.75
f009,sku0009,2025-12-17,13.7501,11,2.7500999999999998
f002,sku0002,2025-12-17,12.749799999999999,15,2.2502000000000013
c000,sku0000,2025-12-10,15.0003,14,1.0002999999999993
c000,sku0001,2025-12-10,19.9997,21,1.0002999999999993
c000,sku0002,2025-12-10,29.250200000000003,30,0.7497999999999969
c000,sku0003,2025-12-10,35.0,33,2.0
c000,sku0004,2025-12-10,41.2503,40,1.2503000000000029
c000,sku0005,2025-12-10,13.7501,18,4.2499
c000,sku0006,2025-12-10,22.75,19,3.75
c000,sku0007,2025-12-10,27.3252,29,1.6748000000000012
c001,sku0008,2025-12-10,34.5751,37,2.424900000000001
c001,sku0009,2025-12-10,42.7497,43,0.25030000000000285
c001,sku0010,2025-12-10,14.7497,15,0.2502999999999993
c001,sku0011,2025-12-10,21.4998,15,6.4998000000000005
c001,sku0012,2025-12-10,28.7497,25,3.7497000000000007
c001,sku0013,2025-12-10,34.5002,38,3.4998000000000005
c001,sku0014,2025-12-10,41.750099999999996,43,1.2499000000000038
c001,sku0015,2025-12-10,12.9997,12,0.9997000000000007
c002,sku0016,2025-12-10,0.0,0,0.0
c002,sku0017,2025-12-10,27.7501,29,1.2499000000000002
c002,sku0018,2025-12-10,35.249900000000004,35,0.24990000000000379
c002,sku0019,2025-12-10,42.249900000000004,40,2.249900000000004
c002,sku0020,2025-12-10,13.7501,13,0.7500999999999998
c002,sku0021,2025-12-10,21.0,20,1.0
c002,sku0022,2025-12-10,27.2503,27,0.2502999999999993
c002,sku0023,2025-12-10,35.249900000000004,35,0.24990000000000379
c003,sku0024,2025-12-10,40.7498,44,3.2501999999999995
c003,sku0025,2025-12-10,13.500200000000001,12,1.5002000000000013
c003,sku0026,2025-12-10,20.2503,21,0.7497000000000007
c003,sku0027,2025-12-10,27.5002,31,3.4998000000000005
c003,sku0028,2025-12-10,37.4997,34,3.499699999999997
c003,sku0029,2025-12-10,40.7498,44,3.2501999999999995
c003,sku0030,2025-12-10,15.2502,13,2.2501999999999995
c003,sku0031,2025-12-10,20.7501,22,1.2499000000000002
c004,sku0032,2025-12-10,29.250200000000003,26,3.250200000000003
c004,sku0033,2025-12-10,35.0,35,0.0
c004,sku0034,2025-12-10,41.5002,44,2.4998000000000005
c004,sku0035,2025-12-10,14.249899999999998,13,1.2498999999999985
c004,sku0036,2025-12-10,21.0,22,1.0
c004,sku0037,2025-12-10,27.7501,28,0.24990000000000023
c004,sku0038,2025-12-10,35.0,30,5.0
c004,sku0039,2025-12-10,39.7502,41,1.2498000000000005
c005,sku0040,2025-12-10,14.249899999999998,13,1.2498999999999985
c005,sku0041,2025-12-10,22.75,19,3.75
c005,sku0042,2025-12-10,29.0752,29,0.07519999999999882
c005,sku0043,2025-12-10,34.5002,35,0.49980000000000047
c005,sku0044,2025-12-10,40.7498,43,2.2501999999999995
c005,sku0045,2025-12-10,14.4998,15,0.5001999999999995
c005,sku0046,2025-12-10,22.2502,22,0.25019999999999953
c005,sku0047,2025-12-10,28.0,29,1.0
c006,sku0048,2025-12-10,34.750099999999996,35,0.24990000000000379
c006,sku0049,2025-12-10,40.9997,42,1.0003000000000029
c006,sku0050,2025-12-10,13.325199999999999,13,0.3251999999999988
c006,sku0051,2025-12-10,22.2502,17,5.2501999999999995
c006,sku0052,2025-12-10,28.249900000000004,27,1.2499000000000038
c006,sku0053,2025-12-10,36.500099999999996,35,1.5000999999999962
c006,sku0054,2025-12-10,42.249900000000004,44,1.7500999999999962
c006,sku0055,2025-12-10,16.7503,12,4.750299999999999
c007,sku0056,2025-12-10,0.0,0,0.0
c007,sku0057,2025-12-10,28.7497,29,0.2502999999999993
c007,sku0058,2025-12-10,34.2503,37,2.749699999999997
c007,sku0059,2025-12-10,43.500099999999996,42,1.5000999999999962
c007,sku0060,2025-12-10,12.749799999999999,12,0.7497999999999987
c007,sku0061,2025-12-10,20.2503,27,6.749700000000001
c007,sku0062,2025-12-10,27.2503,29,1.7497000000000007
c007,sku0063,2025-12-10,34.750099999999996,35,0.24990000000000379
c008,sku0064,2025-12-10,41.2503,40,1.2503000000000029
c008,sku0065,2025-12-10,12.9997,10,2.9997000000000007
c008,sku0066,2025-12-10,19.7498,20,0.25019999999999953
c008,sku0067,2025-12-10,28.499799999999997,26,2.499799999999997
c008,sku0068,2025-12-10,35.0,38,3.0
c008,sku0069,2025-12-10,42.249900000000004,41,1.2499000000000038
c008,sku0070,2025-12-10,14.7497,13,1.7497000000000007
c008,sku0071,2025-12-10,20.5002,17,3.5001999999999995
c009,sku0072,2025-12-10,26.9997,28,1.0002999999999993
c009,sku0073,2025-12-10,36.75,33,3.75
c009,sku0074,2025-12-10,42.249900000000004,43,0.7500999999999962
c009,sku0075,2025-12-10,14.0,12,2.0
c009,sku0076,2025-12-10,21.4998,23,1.5001999999999995
c009,sku0077,2025-12-10,28.0,29,1.0
c009,sku0078,2025-12-10,34.750099999999996,35,0.24990000000000379
c009,sku0079,2025-12-10,40.7498,41,0.25019999999999953
c010,sku0080,2025-12-10,13.2503,11,2.2502999999999993
c010,sku0081,2025-12-10,19.9997,19,0.9997000000000007
c010,sku0082,2025-12-10,28.249900000000004,27,1.2499000000000038
c010,sku0083,2025-12-10,35.0,35,0.0
c010,sku0084,2025-12-10,43.0003,42,1.0003000000000029
c010,sku0085,2025-12-10,12.0001,14,1.9999000000000002
c010,sku0086,2025-12-10,19.25,21,1.75
c010,sku0087,2025-12-10,28.0,25,3.0
c011,sku0088,2025-12-10,35.249900000000004,32,3.249900000000004
c011,sku0089,2025-12-10,41.750099999999996,42,0.24990000000000379
c011,sku0090,2025-12-10,13.500200000000001,12,1.5002000000000013
c011,sku0091,2025-12-10,19.4999,24,4.5001
c011,sku0092,2025-12-10,28.7497,27,1.7497000000000007
c011,sku0093,2025-12-10,35.0,34,1.0
c011,sku0094,2025-12-10,39.5752,41,1.4247999999999976
c011,sku0095,2025-12-10,15.0003,12,3.0002999999999993
c012,sku0096,2025-12-10,0.0,0,0.0
c012,sku0097,2025-12-10,26.4999,24,2.4999000000000002
c012,sku0098,2025-12-10,35.0,30,5.0
c012,sku0099,2025-12-10,40.25,46,5.75
c012,sku0100,2025-12-10,13.7501,13,0.7500999999999998
c012,sku0101,2025-12-10,21.7497,20,1.7497000000000007
c012,sku0102,2025-12-10,26.4999,28,1.5000999999999998
c012,sku0103,2025-12-10,36.2502,34,2.2501999999999995
c013,sku0104,2025-12-10,42.0,39,3.0
c013,sku0105,2025-12-10,11.325299999999999,15,3.6747000000000014
c013,sku0106,2025-12-10,21.324800000000003,21,0.3248000000000033
c013,sku0107,2025-12-10,28.499799999999997,27,1.499799999999997
c013,sku0108,2025-12-10,35.0,35,0.0
c013,sku0109,2025-12-10,40.9997,43,2.000300000000003
c013,sku0110,2025-12-10,14.4998,15,0.5001999999999995
c013,sku0111,2025-12-10,17.9998,22,4.0001999999999995
c014,sku0112,2025-12-10,28.0,30,2.0
c014,sku0113,2025-12-10,33.9997,36,2.000300000000003
c014,sku0114,2025-12-10,43.0003,44,0.9996999999999971
c014,sku0115,2025-12-10,13.7501,10,3.7500999999999998
c014,sku0116,2025-12-10,20.2503,23,2.7497000000000007
c014,sku0117,2025-12-10,26.9997,29,2.0002999999999993
c014,sku0118,2025-12-10,35.249900000000004,36,0.7500999999999962
c014,sku0119,2025-12-10,40.9997,40,0.9996999999999971
c015,sku0120,2025-12-10,14.0,14,0.0
c015,sku0121,2025-12-10,21.825300000000002,18,3.825300000000002
c015,sku0122,2025-12-10,29.250200000000003,28,1.250200000000003
c015,sku0123,2025-12-10,36.500099999999996,34,2.500099999999996
c015,sku0124,2025-12-10,43.0003,41,2.000300000000003
c015,sku0125,2025-12-10,12.9997,15,2.0002999999999993
c015,sku0126,2025-12-10,20.825,25,4.175000000000001
c015,sku0127,2025-12-10,26.9997,28,1.0002999999999993
c016,sku0128,2025-12-10,34.824999999999996,33,1.8249999999999957
c016,sku0129,2025-12-10,42.0,42,0.0
c016,sku0130,2025-12-10,13.2503,15,1.7497000000000007
c016,sku0131,2025-12-10,21.7497,20,1.7497000000000007
c016,sku0132,2025-12-10,27.2503,30,2.7497000000000007
c016,sku0133,2025-12-10,34.5002,34,0.5001999999999995
c016,sku0134,2025-12-10,40.9997,39,1.9996999999999971
c016,sku0135,2025-12-10,13.2503,12,1.2502999999999993
c017,sku0136,2025-12-10,0.0,0,0.0
c017,sku0137,2025-12-10,28.324800000000003,28,0.3248000000000033
c017,sku0138,2025-12-10,33.9997,34,0.00030000000000285354
c017,sku0139,2025-12-10,43.0003,45,1.9996999999999971
c017,sku0140,2025-12-10,12.25,14,1.75
c017,sku0141,2025-12-10,19.9997,21,1.0002999999999993
c017,sku0142,2025-12-10,28.249900000000004,31,2.750099999999996
c017,sku0143,2025-12-10,34.750099999999996,40,5.249900000000004
c018,sku0144,2025-12-10,39.5752,43,3.4247999999999976
c018,sku0145,2025-12-10,13.7501,14,0.24990000000000023
c018,sku0146,2025-12-10,19.9997,22,2.0002999999999993
c018,sku0147,2025-12-10,28.0,28,0.0
c018,sku0148,2025-12-10,34.5002,37,2.4998000000000005
c018,sku0149,2025-12-10,42.7497,40,2.749699999999997
c018,sku0150,2025-12-10,13.2503,8,5.250299999999999
c018,sku0151,2025-12-10,21.4998,21,0.49980000000000047
c019,sku0152,2025-12-10,28.574699999999996,32,3.4253000000000036
c019,sku0153,2025-12-10,35.0,37,2.0
c019,sku0154,2025-12-10,40.7498,40,0.7498000000000005
c019,sku0155,2025-12-10,13.7501,14,0.24990000000000023
c019,sku0156,2025-12-10,19.9997,21,1.0002999999999993
c019,sku0157,2025-12-10,26.9997,28,1.0002999999999993
c019,sku0158,2025-12-10,34.750099999999996,36,1.2499000000000038
c019,sku0159,2025-12-10,40.25,42,1.75
c020,sku0160,2025-12-10,14.4998,12,2.4998000000000005
c020,sku0161,2025-12-10,20.2503,18,2.2502999999999993
c020,sku0162,2025-12-10,26.4999,32,5.5001
c020,sku0163,2025-12-10,33.499900000000004,36,2.500099999999996
c020,sku0164,2025-12-10,40.9997,43,2.000300000000003
c020,sku0165,2025-12-10,13.7501,16,2.2499000000000002
c020,sku0166,2025-12-10,20.5002,20,0.5001999999999995
c020,sku0167,2025-12-10,29.250200000000003,30,0.7497999999999969
c021,sku0168,2025-12-10,36.75,34,2.75
c021,sku0169,2025-12-10,43.0003,43,0.00030000000000285354
c021,sku0170,2025-12-10,14.249899999999998,13,1.2498999999999985
c021,sku0171,2025-12-10,22.0003,20,2.0002999999999993
c021,sku0172,2025-12-10,28.249900000000004,26,2.249900000000004
c021,sku0173,2025-12-10,34.750099999999996,35,0.24990000000000379
c021,sku0174,2025-12-10,42.5747,44,1.4253
c021,sku0175,2025-12-10,15.0003,11,4.000299999999999
c022,sku0176,2025-12-10,0.0,0,0.0
c022,sku0177,2025-12-10,28.0,28,0.0
c022,sku0178,2025-12-10,37.2498,34,3.2498000000000005
c022,sku0179,2025-12-10,42.7497,43,0.25030000000000285
c022,sku0180,2025-12-10,15.500100000000002,13,2.5001000000000015
c022,sku0181,2025-12-10,18.5752,22,3.424800000000001
c022,sku0182,2025-12-10,25.7502,30,4.2498000000000005
c022,sku0183,2025-12-10,34.2503,36,1.7496999999999971
c023,sku0184,2025-12-10,41.2503,43,1.7496999999999971
c023,sku0185,2025-12-10,15.8249,15,0.8248999999999995
c023,sku0186,2025-12-10,20.5002,18,2.5001999999999995
c023,sku0187,2025-12-10,26.9997,28,1.0002999999999993
c023,sku0188,2025-12-10,35.4998,33,2.4998000000000005
c023,sku0189,2025-12-10,40.9997,44,3.000300000000003
c023,sku0190,2025-12-10,14.249899999999998,14,0.24989999999999846
c023,sku0191,2025-12-10,21.2499,18,3.2499000000000002
c024,sku0192,2025-12-10,28.499799999999997,27,1.499799999999997
c024,sku0193,2025-12-10,34.5002,33,1.5001999999999995
c024,sku0194,2025-12-10,41.750099999999996,44,2.249900000000004
c024,sku0195,2025-12-10,14.0,17,3.0
c024,sku0196,2025-12-10,21.0,24,3.0
c024,sku0197,2025-12-10,26.7498,26,0.7498000000000005
c024,sku0198,2025-12-10,34.824999999999996,36,1.1750000000000043
c024,sku0199,2025-12-10,42.7497,45,2.250300000000003
c025,sku0200,2025-12-10,14.0,17,3.0
c025,sku0201,2025-12-10,20.2503,20,0.2502999999999993
c025,sku0202,2025-12-10,28.0,27,1.0
c025,sku0203,2025-12-10,33.9997,32,1.9996999999999971
c025,sku0204,2025-12-10,42.249900000000004,41,1.2499000000000038
c025,sku0205,2025-12-10,14.7497,14,0.7497000000000007
c025,sku0206,2025-12-10,21.7497,17,4.749700000000001
c025,sku0207,2025-12-10,25.5003,31,5.499700000000001
c026,sku0208,2025-12-10,34.750099999999996,34,0.7500999999999962
c026,sku0209,2025-12-10,42.0,39,3.0
c026,sku0210,2025-12-10,14.7497,17,2.2502999999999993
c026,sku0211,2025-12-10,18.5003,16,2.5002999999999993
c026,sku0212,2025-12-10,28.499799999999997,29,0.5002000000000031
c026,sku0213,2025-12-10,35.4998,36,0.5001999999999995
c026,sku0214,2025-12-10,43.2502,43,0.25019999999999953
c026,sku0215,2025-12-10,14.0,14,0.0
c027,sku0216,2025-12-10,0.0,0,0.0
c027,sku0217,2025-12-10,29.250200000000003,29,0.2502000000000031
c027,sku0218,2025-12-10,33.9997,34,0.00030000000000285354
c027,sku0219,2025-12-10,41.5751,41,0.5750999999999991
c027,sku0220,2025-12-10,15.0003,15,0.0002999999999993008
c027,sku0221,2025-12-10,22.2502,19,3.2501999999999995
c027,sku0222,2025-12-10,28.324800000000003,27,1.3248000000000033
c027,sku0223,2025-12-10,34.750099999999996,35,0.24990000000000379
c028,sku0224,2025-12-10,41.2503,39,2.250300000000003
c028,sku0225,2025-12-10,14.0,14,0.0
c028,sku0226,2025-12-10,18.2497,17,1.2497000000000007
c028,sku0227,2025-12-10,28.249900000000004,29,0.7500999999999962
c028,sku0228,2025-12-10,33.25,33,0.25
c028,sku0229,2025-12-10,41.750099999999996,44,2.249900000000004
c028,sku0230,2025-12-10,12.4999,18,5.5001
c028,sku0231,2025-12-10,20.5002,20,0.5001999999999995
c029,sku0232,2025-12-10,26.9997,25,1.9997000000000007
c029,sku0233,2025-12-10,35.0,31,4.0
c029,sku0234,2025-12-10,42.4998,41,1.4998000000000005
c029,sku0235,2025-12-10,12.075000000000001,17,4.924999999999999
c029,sku0236,2025-12-10,21.2499,19,2.2499000000000002
c029,sku0237,2025-12-10,27.7501,31,3.2499000000000002
c029,sku0238,2025-12-10,35.0,35,0.0
c029,sku0239,2025-12-10,40.7498,42,1.2501999999999995
c030,sku0240,2025-12-10,13.2503,13,0.2502999999999993
c030,sku0241,2025-12-10,20.2503,20,0.2502999999999993
c030,sku0242,2025-12-10,26.9997,32,5.000299999999999
c030,sku0243,2025-12-10,34.750099999999996,35,0.24990000000000379
c030,sku0244,2025-12-10,41.824999999999996,42,0.17500000000000426
c030,sku0245,2025-12-10,15.575000000000001,15,0.5750000000000011
c030,sku0246,2025-12-10,19.0001,22,2.9999000000000002
c030,sku0247,2025-12-10,27.2503,29,1.7497000000000007
c031,sku0248,2025-12-10,34.824999999999996,36,1.1750000000000043
c031,sku0249,2025-12-10,40.7498,44,3.2501999999999995
c031,sku0250,2025-12-10,12.4999,13,0.5000999999999998
c031,sku0251,2025-12-10,21.2499,21,0.24990000000000023
c031,sku0252,2025-12-10,29.325100000000003,29,0.3251000000000026
c031,sku0253,2025-12-10,34.750099999999996,36,1.2499000000000038
c031,sku0254,2025-12-10,41.2503,43,1.7496999999999971
c031,sku0255,2025-12-10,12.0001,14,1.9999000000000002
c032,sku0256,2025-12-10,0.0,0,0.0
c032,sku0257,2025-12-10,27.3252,32,4.674800000000001
c032,sku0258,2025-12-10,33.25,32,1.25
c032,sku0259,2025-12-10,41.750099999999996,43,1.2499000000000038
c032,sku0260,2025-12-10,14.0,9,5.0
c032,sku0261,2025-12-10,19.9997,19,0.9997000000000007
c032,sku0262,2025-12-10,27.7501,25,2.7500999999999998
c032,sku0263,2025-12-10,33.7498,37,3.2501999999999995
c033,sku0264,2025-12-10,38.8248,40,1.1751999999999967
c033,sku0265,2025-12-10,13.7501,12,1.7500999999999998
c033,sku0266,2025-12-10,20.5002,22,1.4998000000000005
c033,sku0267,2025-12-10,29.75,31,1.25
c033,sku0268,2025-12-10,34.750099999999996,34,0.7500999999999962
c033,sku0269,2025-12-10,43.500099999999996,40,3.500099999999996
c033,sku0270,2025-12-10,13.7501,11,2.7500999999999998
c033,sku0271,2025-12-10,21.4998,22,0.5001999999999995
c034,sku0272,2025-12-10,27.7501,26,1.7500999999999998
c034,sku0273,2025-12-10,35.4998,37,1.5001999999999995
c034,sku0274,2025-12-10,40.7498,40,0.7498000000000005
c034,sku0275,2025-12-10,15.2502,14,1.2501999999999995
c034,sku0276,2025-12-10,20.7501,20,0.7500999999999998
c034,sku0277,2025-12-10,28.7497,26,2.7497000000000007
c034,sku0278,2025-12-10,35.4998,35,0.49980000000000047
c034,sku0279,2025-12-10,43.3251,45,1.674900000000001
c035,sku0280,2025-12-10,13.500200000000001,16,2.4997999999999987
c035,sku0281,2025-12-10,21.7497,24,2.2502999999999993
c035,sku0282,2025-12-10,28.0,29,1.0
c035,sku0283,2025-12-10,34.2503,34,0.25030000000000285
c035,sku0284,2025-12-10,42.249900000000004,42,0.24990000000000379
c035,sku0285,2025-12-10,14.249899999999998,15,0.7501000000000015
c035,sku0286,2025-12-10,21.4998,20,1.4998000000000005
c035,sku0287,2025-12-10,26.4999,24,2.4999000000000002
c036,sku0288,2025-12-10,35.4998,39,3.5001999999999995
c036,sku0289,2025-12-10,40.9997,41,0.00030000000000285354
c036,sku0290,2025-12-10,14.249899999999998,18,3.7501000000000015
c036,sku0291,2025-12-10,20.5002,22,1.4998000000000005
c036,sku0292,2025-12-10,27.5002,31,3.4998000000000005
c036,sku0293,2025-12-10,35.7497,32,3.749699999999997
c036,sku0294,2025-12-10,41.750099999999996,44,2.249900000000004
c036,sku0295,2025-12-10,13.7501,17,3.2499000000000002
c037,sku0296,2025-12-10,0.0,0,0.0
c037,sku0297,2025-12-10,28.0,27,1.0
c037,sku0298,2025-12-10,35.7497,37,1.2503000000000029
c037,sku0299,2025-12-10,40.000099999999996,44,3.999900000000004
c037,sku0300,2025-12-10,13.7501,14,0.24990000000000023
c037,sku0301,2025-12-10,20.7501,19,1.7500999999999998
c037,sku0302,2025-12-10,28.249900000000004,32,3.750099999999996
c037,sku0303,2025-12-10,35.4998,33,2.4998000000000005
c038,sku0304,2025-12-10,42.0,44,2.0
c038,sku0305,2025-12-10,13.7501,16,2.2499000000000002
c038,sku0306,2025-12-10,22.2502,22,0.25019999999999953
c038,sku0307,2025-12-10,27.2503,26,1.2502999999999993
c038,sku0308,2025-12-10,35.7497,32,3.749699999999997
c038,sku0309,2025-12-10,43.999900000000004,41,2.999900000000004
c038,sku0310,2025-12-10,13.2503,17,3.7497000000000007
c038,sku0311,2025-12-10,21.2499,23,1.7500999999999998
c039,sku0312,2025-12-10,27.5002,28,0.49980000000000047
c039,sku0313,2025-12-10,35.7497,36,0.25030000000000285
c039,sku0314,2025-12-10,40.9997,45,4.000300000000003
c039,sku0315,2025-12-10,15.575000000000001,12,3.575000000000001
c039,sku0316,2025-12-10,22.0003,18,4.000299999999999
c039,sku0317,2025-12-10,27.7501,30,2.2499000000000002
c039,sku0318,2025-12-10,36.2502,32,4.2501999999999995
c039,sku0319,2025-12-10,41.2503,40,1.2503000000000029
c040,sku0320,2025-12-10,15.0003,12,3.0002999999999993
c040,sku0321,2025-12-10,21.2499,20,1.2499000000000002
c040,sku0322,2025-12-10,28.7497,27,1.7497000000000007
c040,sku0323,2025-12-10,36.75,37,0.25
c040,sku0324,2025-12-10,42.249900000000004,43,0.7500999999999962
c040,sku0325,2025-12-10,14.4998,12,2.4998000000000005
c040,sku0326,2025-12-10,22.2502,21,1.2501999999999995
c040,sku0327,2025-12-10,28.249900000000004,26,2.249900000000004
c041,sku0328,2025-12-10,35.0,37,2.0
c041,sku0329,2025-12-10,43.999900000000004,43,0.9999000000000038
c041,sku0330,2025-12-10,14.4998,13,1.4998000000000005
c041,sku0331,2025-12-10,19.7498,18,1.7498000000000005
c041,sku0332,2025-12-10,26.7498,29,2.2501999999999995
c041,sku0333,2025-12-10,34.2503,34,0.25030000000000285
c041,sku0334,2025-12-10,40.9997,44,3.000300000000003
c041,sku0335,2025-12-10,12.749799999999999,13,0.2502000000000013
c042,sku0336,2025-12-10,0.0,0,0.0
c042,sku0337,2025-12-10,28.574699999999996,30,1.4253000000000036
c042,sku0338,2025-12-10,35.249900000000004,36,0.7500999999999962
c042,sku0339,2025-12-10,42.5747,44,1.4253
c042,sku0340,2025-12-10,14.7497,15,0.2502999999999993
c042,sku0341,2025-12-10,22.2502,18,4.2501999999999995
c042,sku0342,2025-12-10,27.7501,26,1.7500999999999998
c042,sku0343,2025-12-10,33.25,37,3.75
c043,sku0344,2025-12-10,42.4998,42,0.49980000000000047
c043,sku0345,2025-12-10,13.500200000000001,14,0.4997999999999987
c043,sku0346,2025-12-10,19.7498,23,3.2501999999999995
c043,sku0347,2025-12-10,29.0003,27,2.0002999999999993
c043,sku0348,2025-12-10,33.9997,35,1.0003000000000029
c043,sku0349,2025-12-10,42.3248,44,1.6751999999999967
c043,sku0350,2025-12-10,12.4999,15,2.5000999999999998
c043,sku0351,2025-12-10,21.0,21,0.0
c044,sku0352,2025-12-10,26.0001,29,2.9999000000000002
c044,sku0353,2025-12-10,35.4998,35,0.49980000000000047
c044,sku0354,2025-12-10,42.249900000000004,38,4.249900000000004
c044,sku0355,2025-12-10,12.749799999999999,14,1.2502000000000013
c044,sku0356,2025-12-10,21.2499,21,0.24990000000000023
c044,sku0357,2025-12-10,28.249900000000004,28,0.24990000000000379
c044,sku0358,2025-12-10,36.500099999999996,35,1.5000999999999962
c044,sku0359,2025-12-10,42.249900000000004,41,1.2499000000000038
c045,sku0360,2025-12-10,12.25,12,0.25
c045,sku0361,2025-12-10,21.2499,21,0.24990000000000023
c045,sku0362,2025-12-10,28.499799999999997,27,1.499799999999997
c045,sku0363,2025-12-10,35.249900000000004,34,1.2499000000000038
c045,sku0364,2025-12-10,41.750099999999996,41,0.7500999999999962
c045,sku0365,2025-12-10,14.5747,15,0.4253
c045,sku0366,2025-12-10,20.2503,21,0.7497000000000007
c045,sku0367,2025-12-10,26.9997,30,3.0002999999999993
c046,sku0368,2025-12-10,36.0003,31,5.000300000000003
c046,sku0369,2025-12-10,42.8253,42,0.8252999999999986
c046,sku0370,2025-12-10,14.0,18,4.0
c046,sku0371,2025-12-10,21.2499,19,2.2499000000000002
c046,sku0372,2025-12-10,29.0003,32,2.9997000000000007
c046,sku0373,2025-12-10,36.0003,36,0.00030000000000285354
c046,sku0374,2025-12-10,42.249900000000004,43,0.7500999999999962
c046,sku0375,2025-12-10,14.8253,17,2.1746999999999996
c047,sku0376,2025-12-10,0.0,0,0.0
c047,sku0377,2025-12-10,26.25,28,1.75
c047,sku0378,2025-12-10,34.824999999999996,36,1.1750000000000043
c047,sku0379,2025-12-10,41.750099999999996,43,1.2499000000000038
c047,sku0380,2025-12-10,13.500200000000001,17,3.4997999999999987
c047,sku0381,2025-12-10,21.4998,25,3.5001999999999995
c047,sku0382,2025-12-10,26.7498,24,2.7498000000000005
c047,sku0383,2025-12-10,35.4998,34,1.4998000000000005
c048,sku0384,2025-12-10,40.499900000000004,45,4.500099999999996
c048,sku0385,2025-12-10,12.9997,16,3.0002999999999993
c048,sku0386,2025-12-10,19.25,20,0.75
c048,sku0387,2025-12-10,27.7501,27,0.7500999999999998
c048,sku0388,2025-12-10,33.7498,33,0.7498000000000005
c048,sku0389,2025-12-10,42.0749,44,1.9251000000000005
c048,sku0390,2025-12-10,14.4998,15,0.5001999999999995
c048,sku0391,2025-12-10,20.2503,22,1.7497000000000007
c049,sku0392,2025-12-10,27.825,30,2.1750000000000007
c049,sku0393,2025-12-10,34.750099999999996,33,1.7500999999999962
c049,sku0394,2025-12-10,42.0,39,3.0
c049,sku0395,2025-12-10,13.2503,13,0.2502999999999993
c049,sku0396,2025-12-10,21.7497,21,0.7497000000000007
c049,sku0397,2025-12-10,29.500099999999996,28,1.5000999999999962
c049,sku0398,2025-12-10,35.0,34,1.0
c049,sku0399,2025-12-10,42.7497,47,4.250300000000003
c050,sku0400,2025-12-10,13.5751,16,2.424899999999999
c050,sku0401,2025-12-10,21.4998,19,2.4998000000000005
c050,sku0402,2025-12-10,27.2503,32,4.749700000000001
c050,sku0403,2025-12-10,35.0,33,2.0
c050,sku0404,2025-12-10,42.7497,41,1.7496999999999971
c050,sku0405,2025-12-10,14.249899999999998,13,1.2498999999999985
c050,sku0406,2025-12-10,21.4998,20,1.4998000000000005
c050,sku0407,2025-12-10,29.250200000000003,26,3.250200000000003
c051,sku0408,2025-12-10,35.8253,32,3.8252999999999986
c051,sku0409,2025-12-10,42.249900000000004,40,2.249900000000004
c051,sku0410,2025-12-10,13.500200000000001,11,2.5002000000000013
c051,sku0411,2025-12-10,22.5001,18,4.5001
c051,sku0412,2025-12-10,28.249900000000004,31,2.750099999999996
c051,sku0413,2025-12-10,33.000099999999996,33,9.999999999621423e-05
c051,sku0414,2025-12-10,41.2503,42,0.7496999999999971
c051,sku0415,2025-12-10,13.7501,16,2.2499000000000002
c052,sku0416,2025-12-10,0.0,0,0.0
c052,sku0417,2025-12-10,29.0003,25,4.000299999999999
c052,sku0418,2025-12-10,34.5002,31,3.5001999999999995
c052,sku0419,2025-12-10,42.4998,45,2.5001999999999995
c052,sku0420,2025-12-10,13.2503,12,1.2502999999999993
c052,sku0421,2025-12-10,19.9997,21,1.0002999999999993
c052,sku0422,2025-12-10,28.0,27,1.0
c052,sku0423,2025-12-10,35.0,36,1.0
c053,sku0424,2025-12-10,42.7497,45,2.250300000000003
c053,sku0425,2025-12-10,15.2502,12,3.2501999999999995
c053,sku0426,2025-12-10,21.2499,22,0.7500999999999998
c053,sku0427,2025-12-10,27.2503,30,2.7497000000000007
c053,sku0428,2025-12-10,33.7498,36,2.2501999999999995
c053,sku0429,2025-12-10,44.8252,45,0.17479999999999762
c053,sku0430,2025-12-10,13.500200000000001,12,1.5002000000000013
c053,sku0431,2025-12-10,20.7501,22,1.2499000000000002
c054,sku0432,2025-12-10,26.9997,28,1.0002999999999993
c054,sku0433,2025-12-10,34.5002,37,2.4998000000000005
c054,sku0434,2025-12-10,41.2503,39,2.250300000000003
c054,sku0435,2025-12-10,13.2503,16,2.7497000000000007
c054,sku0436,2025-12-10,21.0,23,2.0
c054,sku0437,2025-12-10,28.7497,32,3.2502999999999993
c054,sku0438,2025-12-10,36.500099999999996,39,2.499900000000004
c054,sku0439,2025-12-10,40.9997,40,0.9996999999999971
c055,sku0440,2025-12-10,16.7503,12,4.750299999999999
c055,sku0441,2025-12-10,22.75,19,3.75
c055,sku0442,2025-12-10,26.9997,26,0.9997000000000007
c055,sku0443,2025-12-10,34.750099999999996,35,0.24990000000000379
c055,sku0444,2025-12-10,41.750099999999996,42,0.24990000000000379
c055,sku0445,2025-12-10,12.25,17,4.75
c055,sku0446,2025-12-10,21.4998,23,1.5001999999999995
c055,sku0447,2025-12-10,28.0,25,3.0
c056,sku0448,2025-12-10,35.7497,33,2.749699999999997
c056,sku0449,2025-12-10,42.4998,40,2.4998000000000005
c056,sku0450,2025-12-10,13.2503,15,1.7497000000000007
c056,sku0451,2025-12-10,19.25,18,1.25
c056,sku0452,2025-12-10,27.5002,30,2.4998000000000005
c056,sku0453,2025-12-10,33.7498,39,5.2501999999999995
c056,sku0454,2025-12-10,40.499900000000004,41,0.5000999999999962
c056,sku0455,2025-12-10,13.2503,13,0.2502999999999993
c057,sku0456,2025-12-10,0.0,0,0.0
c057,sku0457,2025-12-10,28.499799999999997,30,1.500200000000003
c057,sku0458,2025-12-10,36.75,33,3.75
c057,sku0459,2025-12-10,41.750099999999996,43,1.2499000000000038
c057,sku0460,2025-12-10,13.7501,14,0.24990000000000023
c057,sku0461,2025-12-10,21.2499,20,1.2499000000000002
c057,sku0462,2025-12-10,27.7501,30,2.2499000000000002
c057,sku0463,2025-12-10,34.2503,35,0.7496999999999971
c058,sku0464,2025-12-10,41.2503,40,1.2503000000000029
c058,sku0465,2025-12-10,14.7497,13,1.7497000000000007
c058,sku0466,2025-12-10,19.7498,21,1.2501999999999995
c058,sku0467,2025-12-10,27.2503,27,0.2502999999999993
c058,sku0468,2025-12-10,34.2503,37,2.749699999999997
c058,sku0469,2025-12-10,40.7498,45,4.2501999999999995
c058,sku0470,2025-12-10,14.0,13,1.0
c058,sku0471,2025-12-10,22.2502,23,0.7498000000000005
c059,sku0472,2025-12-10,26.0001,30,3.9999000000000002
c059,sku0473,2025-12-10,36.3251,36,0.32509999999999906
c059,sku0474,2025-12-10,40.7498,40,0.7498000000000005
c059,sku0475,2025-12-10,12.749799999999999,16,3.2502000000000013
c059,sku0476,2025-12-10,22.0003,24,1.9997000000000007
c059,sku0477,2025-12-10,30.5753,29,1.5752999999999986
c059,sku0478,2025-12-10,34.750099999999996,35,0.24990000000000379
c059,sku0479,2025-12-10,40.7498,45,4.2501999999999995
c060,sku0480,2025-12-10,15.0003,13,2.0002999999999993
c060,sku0481,2025-12-10,21.0,18,3.0
c060,sku0482,2025-12-10,27.7501,29,1.2499000000000002
c060,sku0483,2025-12-10,35.0749,32,3.0748999999999995
c060,sku0484,2025-12-10,41.5751,42,0.42490000000000094
c060,sku0485,2025-12-10,15.75,15,0.75
c060,sku0486,2025-12-10,18.5003,17,1.5002999999999993
c060,sku0487,2025-12-10,27.2503,27,0.2502999999999993
c061,sku0488,2025-12-10,33.499900000000004,36,2.500099999999996
c061,sku0489,2025-12-10,40.9997,41,0.00030000000000285354
c061,sku0490,2025-12-10,14.0,12,2.0
c061,sku0491,2025-12-10,21.0,22,1.0
c061,sku0492,2025-12-10,26.9997,27,0.0002999999999993008
c061,sku0493,2025-12-10,36.0003,37,0.9996999999999971
c061,sku0494,2025-12-10,43.75,39,4.75
c061,sku0495,2025-12-10,12.749799999999999,13,0.2502000000000013
c062,sku0496,2025-12-10,0.0,0,0.0
c062,sku0497,2025-12-10,26.9997,27,0.0002999999999993008
c062,sku0498,2025-12-10,34.5002,36,1.4998000000000005
c062,sku0499,2025-12-10,40.499900000000004,42,1.5000999999999962
c062,sku0000,2025-12-10,12.9997,14,1.0002999999999993
c062,sku0001,2025-12-10,21.2499,18,3.2499000000000002
c062,sku0002,2025-12-10,26.9997,29,2.0002999999999993
c062,sku0003,2025-12-10,33.9997,35,1.0003000000000029
c063,sku0004,2025-12-10,42.7497,40,2.749699999999997
c063,sku0005,2025-12-10,15.0003,12,3.0002999999999993
c063,sku0006,2025-12-10,19.7498,19,0.7498000000000005
c063,sku0007,2025-12-10,27.2503,27,0.2502999999999993
c063,sku0008,2025-12-10,35.4998,34,1.4998000000000005
c063,sku0009,2025-12-10,42.0,40,2.0
c063,sku0010,2025-12-10,15.2502,13,2.2501999999999995
c063,sku0011,2025-12-10,22.9999,25,2.0000999999999998
c064,sku0012,2025-12-10,26.0001,30,3.9999000000000002
c064,sku0013,2025-12-10,34.5002,33,1.5001999999999995
c064,sku0014,2025-12-10,41.5751,46,4.424900000000001
c064,sku0015,2025-12-10,12.4999,15,2.5000999999999998
c064,sku0016,2025-12-10,22.2502,22,0.25019999999999953
c064,sku0017,2025-12-10,27.2503,27,0.2502999999999993
c064,sku0018,2025-12-10,35.0,37,2.0
c064,sku0019,2025-12-10,41.750099999999996,41,0.7500999999999962
c065,sku0020,2025-12-10,14.7497,15,0.2502999999999993
c065,sku0021,2025-12-10,20.2503,22,1.7497000000000007
c065,sku0022,2025-12-10,29.250200000000003,29,0.2502000000000031
c065,sku0023,2025-12-10,35.7497,36,0.25030000000000285
c065,sku0024,2025-12-10,43.2502,41,2.2501999999999995
c065,sku0025,2025-12-10,13.500200000000001,16,2.4997999999999987
c065,sku0026,2025-12-10,19.9997,20,0.0002999999999993008
c065,sku0027,2025-12-10,28.0,26,2.0
c066,sku0028,2025-12-10,35.249900000000004,35,0.24990000000000379
c066,sku0029,2025-12-10,42.249900000000004,45,2.750099999999996
c066,sku0030,2025-12-10,14.0749,16,1.9251000000000005
c066,sku0031,2025-12-10,21.0,24,3.0
c066,sku0032,2025-12-10,27.7501,26,1.7500999999999998
c066,sku0033,2025-12-10,34.750099999999996,33,1.7500999999999962
c066,sku0034,2025-12-10,43.0003,39,4.000300000000003
c066,sku0035,2025-12-10,12.9997,14,1.0002999999999993
c067,sku0036,2025-12-10,0.0,0,0.0
c067,sku0037,2025-12-10,26.9997,32,5.000299999999999
c067,sku0038,2025-12-10,34.750099999999996,31,3.750099999999996
c067,sku0039,2025-12-10,40.9997,40,0.9996999999999971
c067,sku0040,2025-12-10,12.0001,11,1.0000999999999998
c067,sku0041,2025-12-10,17.824800000000003,20,2.1751999999999967
c067,sku0042,2025-12-10,27.2503,28,0.7497000000000007
c067,sku0043,2025-12-10,33.9997,35,1.0003000000000029
c068,sku0044,2025-12-10,41.5002,40,1.5001999999999995
c068,sku0045,2025-12-10,13.2503,14,0.7497000000000007
c068,sku0046,2025-12-10,22.0003,22,0.0002999999999993008
c068,sku0047,2025-12-10,28.249900000000004,29,0.7500999999999962
c068,sku0048,2025-12-10,34.750099999999996,34,0.7500999999999962
c068,sku0049,2025-12-10,42.4998,43,0.5001999999999995
c068,sku0050,2025-12-10,13.2503,15,1.7497000000000007
c068,sku0051,2025-12-10,20.2503,22,1.7497000000000007
c069,sku0052,2025-12-10,28.0,29,1.0
c069,sku0053,2025-12-10,35.4998,36,0.5001999999999995
c069,sku0054,2025-12-10,43.0003,43,0.00030000000000285354
c069,sku0055,2025-12-10,14.4998,15,0.5001999999999995
c069,sku0056,2025-12-10,20.5002,22,1.4998000000000005
c069,sku0057,2025-12-10,27.5002,29,1.4998000000000005
c069,sku0058,2025-12-10,33.7498,35,1.2501999999999995
c069,sku0059,2025-12-10,41.2503,40,1.2503000000000029
c070,sku0060,2025-12-10,16.8252,11,5.825199999999999
c070,sku0061,2025-12-10,18.7502,20,1.2498000000000005
c070,sku0062,2025-12-10,29.0003,29,0.0002999999999993008
c070,sku0063,2025-12-10,34.2503,31,3.250300000000003
c070,sku0064,2025-12-10,40.9997,42,1.0003000000000029
c070,sku0065,2025-12-10,14.0,15,1.0
c070,sku0066,2025-12-10,20.2503,19,1.2502999999999993
c070,sku0067,2025-12-10,26.9997,29,2.0002999999999993
c071,sku0068,2025-12-10,34.750099999999996,30,4.750099999999996
c071,sku0069,2025-12-10,42.7497,43,0.25030000000000285
c071,sku0070,2025-12-10,15.2502,12,3.2501999999999995
c071,sku0071,2025-12-10,19.7498,17,2.7498000000000005
c071,sku0072,2025-12-10,28.7497,27,1.7497000000000007
c071,sku0073,2025-12-10,34.2503,35,0.7496999999999971
c071,sku0074,2025-12-10,40.9997,37,3.999699999999997
c071,sku0075,2025-12-10,14.249899999999998,17,2.7501000000000015
c072,sku0076,2025-12-10,0.0,0,0.0
c072,sku0077,2025-12-10,28.0,27,1.0
c072,sku0078,2025-12-10,34.2503,34,0.25030000000000285
c072,sku0079,2025-12-10,40.7498,38,2.7498000000000005
c072,sku0080,2025-12-10,15.2502,12,3.2501999999999995
c072,sku0081,2025-12-10,21.4998,20,1.4998000000000005
c072,sku0082,2025-12-10,27.5002,27,0.5001999999999995
c072,sku0083,2025-12-10,34.2503,34,0.25030000000000285
c073,sku0084,2025-12-10,41.2503,41,0.25030000000000285
c073,sku0085,2025-12-10,13.500200000000001,11,2.5002000000000013
c073,sku0086,2025-12-10,20.2503,19,1.2502999999999993
c073,sku0087,2025-12-10,29.0003,25,4.000299999999999
c073,sku0088,2025-12-10,33.499900000000004,34,0.5000999999999962
c073,sku0089,2025-12-10,41.750099999999996,43,1.2499000000000038
c073,sku0090,2025-12-10,14.7497,15,0.2502999999999993
c073,sku0091,2025-12-10,21.4998,20,1.4998000000000005
c074,sku0092,2025-12-10,27.5002,28,0.49980000000000047
c074,sku0093,2025-12-10,34.2503,35,0.7496999999999971
c074,sku0094,2025-12-10,42.0,40,2.0
c074,sku0095,2025-12-10,12.4999,15,2.5000999999999998
c074,sku0096,2025-12-10,19.0001,20,0.9999000000000002
c074,sku0097,2025-12-10,28.0,28,0.0
c074,sku0098,2025-12-10,35.249900000000004,34,1.2499000000000038
c074,sku0099,2025-12-10,42.4998,43,0.5001999999999995
c075,sku0100,2025-12-10,13.2503,15,1.7497000000000007
c075,sku0101,2025-12-10,21.0,20,1.0
c075,sku0102,2025-12-10,27.2503,28,0.7497000000000007
c075,sku0103,2025-12-10,34.750099999999996,34,0.7500999999999962
c075,sku0104,2025-12-10,42.0,41,1.0
c075,sku0105,2025-12-10,14.7497,11,3.7497000000000007
c075,sku0106,2025-12-10,22.2502,20,2.2501999999999995
c075,sku0107,2025-12-10,28.249900000000004,30,1.7500999999999962
c076,sku0108,2025-12-10,33.499900000000004,32,1.4999000000000038
c076,sku0109,2025-12-10,42.249900000000004,42,0.24990000000000379
c076,sku0110,2025-12-10,14.249899999999998,12,2.2498999999999985
c076,sku0111,2025-12-10,21.7497,22,0.2502999999999993
c076,sku0112,2025-12-10,28.249900000000004,27,1.2499000000000038
c076,sku0113,2025-12-10,34.750099999999996,35,0.24990000000000379
c076,sku0114,2025-12-10,41.2503,42,0.7496999999999971
c076,sku0115,2025-12-10,12.749799999999999,12,0.7497999999999987
c077,sku0116,2025-12-10,0.0,0,0.0
c077,sku0117,2025-12-10,28.249900000000004,27,1.2499000000000038
c077,sku0118,2025-12-10,34.5002,36,1.4998000000000005
c077,sku0119,2025-12-10,43.500099999999996,44,0.4999000000000038
c077,sku0120,2025-12-10,13.500200000000001,15,1.4997999999999987
c077,sku0121,2025-12-10,21.0749,21,0.07489999999999952
c077,sku0122,2025-12-10,28.0,28,0.0
c077,sku0123,2025-12-10,34.2503,36,1.7496999999999971
c078,sku0124,2025-12-10,43.500099999999996,42,1.5000999999999962
c078,sku0125,2025-12-10,16.3247,14,2.3247
c078,sku0126,2025-12-10,20.2503,20,0.2502999999999993
c078,sku0127,2025-12-10,27.5002,26,1.5001999999999995
c078,sku0128,2025-12-10,34.2503,35,0.7496999999999971
c078,sku0129,2025-12-10,42.0,42,0.0
c078,sku0130,2025-12-10,15.999899999999998,15,0.9998999999999985
c078,sku0131,2025-12-10,20.5002,18,2.5001999999999995
c079,sku0132,2025-12-10,27.5002,28,0.49980000000000047
c079,sku0133,2025-12-10,34.2503,35,0.7496999999999971
c079,sku0134,2025-12-10,42.5747,40,2.5747
c079,sku0135,2025-12-10,14.8253,14,0.8253000000000004
c079,sku0136,2025-12-10,19.4999,19,0.49990000000000023
c079,sku0137,2025-12-10,27.7501,28,0.24990000000000023
c079,sku0138,2025-12-10,34.750099999999996,38,3.249900000000004
c079,sku0139,2025-12-10,41.750099999999996,40,1.7500999999999962
c080,sku0140,2025-12-10,14.7497,12,2.7497000000000007
c080,sku0141,2025-12-10,21.4998,19,2.4998000000000005
c080,sku0142,2025-12-10,27.2503,31,3.7497000000000007
c080,sku0143,2025-12-10,34.750099999999996,34,0.7500999999999962
c080,sku0144,2025-12-10,42.4998,42,0.49980000000000047
c080,sku0145,2025-12-10,13.7501,16,2.2499000000000002
c080,sku0146,2025-12-10,21.0,21,0.0
c080,sku0147,2025-12-10,27.2503,30,2.7497000000000007
c081,sku0148,2025-12-10,35.249900000000004,37,1.7500999999999962
c081,sku0149,2025-12-10,42.4998,43,0.5001999999999995
c081,sku0150,2025-12-10,14.0,14,0.0
c081,sku0151,2025-12-10,19.25,19,0.25
c081,sku0152,2025-12-10,29.250200000000003,26,3.250200000000003
c081,sku0153,2025-12-10,34.750099999999996,39,4.249900000000004
c081,sku0154,2025-12-10,40.25,41,0.75
c081,sku0155,2025-12-10,15.0003,11,4.000299999999999
c082,sku0156,2025-12-10,0.0,0,0.0
c082,sku0157,2025-12-10,27.2503,27,0.2502999999999993
c082,sku0158,2025-12-10,33.9997,35,1.0003000000000029
c082,sku0159,2025-12-10,43.500099999999996,44,0.4999000000000038
c082,sku0160,2025-12-10,12.25,14,1.75
c082,sku0161,2025-12-10,19.0001,21,1.9999000000000002
c082,sku0162,2025-12-10,27.2503,28,0.7497000000000007
c082,sku0163,2025-12-10,35.7497,38,2.250300000000003
c083,sku0164,2025-12-10,43.0752,42,1.0752000000000024
c083,sku0165,2025-12-10,13.7501,15,1.2499000000000002
c083,sku0166,2025-12-10,21.4998,21,0.49980000000000047
c083,sku0167,2025-12-10,27.5002,28,0.49980000000000047
c083,sku0168,2025-12-10,36.0003,35,1.0003000000000029
c083,sku0169,2025-12-10,40.499900000000004,41,0.5000999999999962
c083,sku0170,2025-12-10,12.9997,15,2.0002999999999993
c083,sku0171,2025-12-10,21.2499,18,3.2499000000000002
c084,sku0172,2025-12-10,28.499799999999997,29,0.5002000000000031
c084,sku0173,2025-12-10,34.5751,33,1.575099999999999
c084,sku0174,2025-12-10,42.0,44,2.0
c084,sku0175,2025-12-10,13.7501,17,3.2499000000000002
c084,sku0176,2025-12-10,19.7498,21,1.2501999999999995
c084,sku0177,2025-12-10,29.75,25,4.75
c084,sku0178,2025-12-10,34.5002,35,0.49980000000000047
c084,sku0179,2025-12-10,42.4998,42,0.49980000000000047
c085,sku0180,2025-12-10,11.750200000000001,12,0.2497999999999987
c085,sku0181,2025-12-10,19.7498,22,2.2501999999999995
c085,sku0182,2025-12-10,26.0001,30,3.9999000000000002
c085,sku0183,2025-12-10,34.750099999999996,32,2.750099999999996
c085,sku0184,2025-12-10,42.249900000000004,42,0.24990000000000379
c085,sku0185,2025-12-10,13.2503,16,2.7497000000000007
c085,sku0186,2025-12-10,19.9997,19,0.9997000000000007
c085,sku0187,2025-12-10,27.5002,26,1.5001999999999995
c086,sku0188,2025-12-10,35.0,34,1.0
c086,sku0189,2025-12-10,40.499900000000004,43,2.500099999999996
c086,sku0190,2025-12-10,13.500200000000001,18,4.499799999999999
c086,sku0191,2025-12-10,21.0,22,1.0
c086,sku0192,2025-12-10,28.249900000000004,31,2.750099999999996
c086,sku0193,2025-12-10,36.75,33,3.75
c086,sku0194,2025-12-10,42.249900000000004,39,3.249900000000004
c086,sku0195,2025-12-10,13.7501,14,0.24990000000000023
c087,sku0196,2025-12-10,0.0,0,0.0
c087,sku0197,2025-12-10,27.5002,32,4.4998000000000005
c087,sku0198,2025-12-10,35.0,37,2.0
c087,sku0199,2025-12-10,42.0,41,1.0
c087,sku0200,2025-12-10,14.324800000000002,15,0.6751999999999985
c087,sku0201,2025-12-10,19.9997,20,0.0002999999999993008
c087,sku0202,2025-12-10,28.249900000000004,29,0.7500999999999962
c087,sku0203,2025-12-10,33.5748,36,2.4251999999999967
c088,sku0204,2025-12-10,41.750099999999996,43,1.2499000000000038
c088,sku0205,2025-12-10,13.2503,14,0.7497000000000007
c088,sku0206,2025-12-10,21.2499,24,2.7500999999999998
c088,sku0207,2025-12-10,28.249900000000004,27,1.2499000000000038
c088,sku0208,2025-12-10,33.7498,36,2.2501999999999995
c088,sku0209,2025-12-10,41.750099999999996,41,0.7500999999999962
c088,sku0210,2025-12-10,14.7497,11,3.7497000000000007
c088,sku0211,2025-12-10,21.4998,21,0.49980000000000047
c089,sku0212,2025-12-10,27.7501,29,1.2499000000000002
c089,sku0213,2025-12-10,34.2503,37,2.749699999999997
c089,sku0214,2025-12-10,42.3248,43,0.6751999999999967
c089,sku0215,2025-12-10,14.249899999999998,14,0.24989999999999846
c089,sku0216,2025-12-10,20.2503,19,1.2502999999999993
c089,sku0217,2025-12-10,28.249900000000004,24,4.249900000000004
c089,sku0218,2025-12-10,33.7498,34,0.25019999999999953
c089,sku0219,2025-12-10,40.9997,46,5.000300000000003
c090,sku0220,2025-12-10,14.4998,16,1.5001999999999995
c090,sku0221,2025-12-10,22.5001,18,4.5001
c090,sku0222,2025-12-10,28.249900000000004,25,3.249900000000004
c090,sku0223,2025-12-10,35.0,36,1.0
c090,sku0224,2025-12-10,42.249900000000004,39,3.249900000000004
c090,sku0225,2025-12-10,12.9997,12,0.9997000000000007
c090,sku0226,2025-12-10,22.5001,19,3.5000999999999998
c090,sku0227,2025-12-10,27.5002,29,1.4998000000000005
c091,sku0228,2025-12-10,35.249900000000004,32,3.249900000000004
c091,sku0229,2025-12-10,41.5002,44,2.4998000000000005
c091,sku0230,2025-12-10,13.500200000000001,14,0.4997999999999987
c091,sku0231,2025-12-10,20.5002,18,2.5001999999999995
c091,sku0232,2025-12-10,29.0003,30,0.9997000000000007
c091,sku0233,2025-12-10,37.2498,32,5.2498000000000005
c091,sku0234,2025-12-10,41.750099999999996,43,1.2499000000000038
c091,sku0235,2025-12-10,13.7501,16,2.2499000000000002
c092,sku0236,2025-12-10,0.0,0,0.0
c092,sku0237,2025-12-10,28.0,27,1.0
c092,sku0238,2025-12-10,33.9997,34,0.00030000000000285354
c092,sku0239,2025-12-10,42.4998,43,0.5001999999999995
c092,sku0240,2025-12-10,14.0,17,3.0
c092,sku0241,2025-12-10,22.0003,24,1.9997000000000007
c092,sku0242,2025-12-10,29.75,30,0.25
c092,sku0243,2025-12-10,36.2502,32,4.2501999999999995
c093,sku0244,2025-12-10,40.25,42,1.75
c093,sku0245,2025-12-10,15.2502,13,2.2501999999999995
c093,sku0246,2025-12-10,20.5002,20,0.5001999999999995
c093,sku0247,2025-12-10,28.249900000000004,30,1.7500999999999962
c093,sku0248,2025-12-10,34.750099999999996,37,2.249900000000004
c093,sku0249,2025-12-10,42.4998,42,0.49980000000000047
c093,sku0250,2025-12-10,12.25,15,2.75
c093,sku0251,2025-12-10,20.2503,21,0.7497000000000007
c094,sku0252,2025-12-10,26.9997,27,0.0002999999999993008
c094,sku0253,2025-12-10,35.7497,34,1.7496999999999971
c094,sku0254,2025-12-10,41.5002,41,0.5001999999999995
c094,sku0255,2025-12-10,13.7501,16,2.2499000000000002
c094,sku0256,2025-12-10,21.2499,18,3.2499000000000002
c094,sku0257,2025-12-10,27.7501,26,1.7500999999999998
c094,sku0258,2025-12-10,35.7497,32,3.749699999999997
c094,sku0259,2025-12-10,42.4998,45,2.5001999999999995
c095,sku0260,2025-12-10,14.249899999999998,14,0.24989999999999846
c095,sku0261,2025-12-10,20.5002,22,1.4998000000000005
c095,sku0262,2025-12-10,28.0,27,1.0
c095,sku0263,2025-12-10,35.249900000000004,34,1.2499000000000038
c095,sku0264,2025-12-10,43.0003,43,0.00030000000000285354
c095,sku0265,2025-12-10,14.0,17,3.0
c095,sku0266,2025-12-10,22.75,18,4.75
c095,sku0267,2025-12-10,26.7498,27,0.25019999999999953
c096,sku0268,2025-12-10,35.0,38,3.0
c096,sku0269,2025-12-10,40.9997,42,1.0003000000000029
c096,sku0270,2025-12-10,14.7497,16,1.2502999999999993
c096,sku0271,2025-12-10,22.9999,17,5.9999
c096,sku0272,2025-12-10,29.250200000000003,28,1.250200000000003
c096,sku0273,2025-12-10,35.4998,32,3.4998000000000005
c096,sku0274,2025-12-10,41.5002,41,0.5001999999999995
c096,sku0275,2025-12-10,12.749799999999999,15,2.2502000000000013
c097,sku0276,2025-12-10,0.0,0,0.0
c097,sku0277,2025-12-10,27.7501,29,1.2499000000000002
c097,sku0278,2025-12-10,33.7498,32,1.7498000000000005
c097,sku0279,2025-12-10,40.9997,43,2.000300000000003
c097,sku0280,2025-12-10,13.500200000000001,15,1.4997999999999987
c097,sku0281,2025-12-10,20.2503,21,0.7497000000000007
c097,sku0282,2025-12-10,27.5002,29,1.4998000000000005
c097,sku0283,2025-12-10,35.249900000000004,34,1.2499000000000038
c098,sku0284,2025-12-10,41.5002,44,2.4998000000000005
c098,sku0285,2025-12-10,13.7501,13,0.7500999999999998
c098,sku0286,2025-12-10,21.0,22,1.0
c098,sku0287,2025-12-10,28.499799999999997,27,1.499799999999997
c098,sku0288,2025-12-10,34.5002,35,0.49980000000000047
c098,sku0289,2025-12-10,41.2503,41,0.25030000000000285
c098,sku0290,2025-12-10,14.7497,13,1.7497000000000007
c098,sku0291,2025-12-10,21.2499,23,1.7500999999999998
c099,sku0292,2025-12-10,29.0003,28,1.0002999999999993
c099,sku0293,2025-12-10,33.25,37,3.75
c099,sku0294,2025-12-10,43.999900000000004,41,2.999900000000004
c099,sku0295,2025-12-10,12.749799999999999,13,0.2502000000000013
c099,sku0296,2025-12-10,19.9997,17,2.9997000000000007
c099,sku0297,2025-12-10,27.5002,28,0.49980000000000047
c099,sku0298,2025-12-10,34.750099999999996,38,3.249900000000004
c099,sku0299,2025-12-10,43.0003,42,1.0003000000000029
f000,sku0000,2025-12-10,12.9997,15,2.0002999999999993
f001,sku0001,2025-12-10,13.2503,14,0.7497000000000007
f003,sku0003,2025-12-10,14.5747,19,4.4253
f004,sku0004,2025-12-10,12.4999,13,0.5000999999999998
f005,sku0005,2025-12-10,11.750200000000001,10,1.7502000000000013
f006,sku0006,2025-12-10,14.249899999999998,13,1.2498999999999985
f007,sku0007,2025-12-10,14.4998,16,1.5001999999999995
f008,sku0008,2025-12-10,13.7501,11,2.7500999999999998
f009,sku0009,2025-12-10,13.7501,14,0.24990000000000023
f002,sku0002,2025-12-10,12.749799999999999,15,2.2502000000000013
